ISO-10303-21;
HEADER;
FILE_DESCRIPTION (( 'STEP AP214' ),
    '1' );
FILE_NAME ('leftcasebottomv3.STEP',
    '2026-06-30T17:35:07',
    ( '' ),
    ( '' ),
    'SwSTEP 2.0',
    'SolidWorks 2025',
    '' );
FILE_SCHEMA (( 'AUTOMOTIVE_DESIGN' ));
ENDSEC;

DATA;
#1 = VECTOR ( 'NONE', #2748, 1000.000000000000114 ) ;
#2 = DIRECTION ( 'NONE',  ( 1.000000000000000000, 0.000000000000000000, 0.000000000000000000 ) ) ;
#3 = ORIENTED_EDGE ( 'NONE', *, *, #1546, .T. ) ;
#4 = CARTESIAN_POINT ( 'NONE',  ( 119.1764707090654412, -44.03324640999999673, -3.000000000000000000 ) ) ;
#5 = VERTEX_POINT ( 'NONE', #900 ) ;
#6 = CARTESIAN_POINT ( 'NONE',  ( 117.7574924758614969, -0.3774278273711343390, 8.200000000000001066 ) ) ;
#7 = CARTESIAN_POINT ( 'NONE',  ( 176.1647671849628125, -101.5054626125645996, 3.200000000000000178 ) ) ;
#8 = FACE_OUTER_BOUND ( 'NONE', #1260, .T. ) ;
#9 = DIRECTION ( 'NONE',  ( 0.000000000000000000, 0.000000000000000000, -1.000000000000000000 ) ) ;
#10 = DIRECTION ( 'NONE',  ( -0.000000000000000000, -0.000000000000000000, -1.000000000000000000 ) ) ;
#11 = ORIENTED_EDGE ( 'NONE', *, *, #905, .F. ) ;
#12 = ADVANCED_FACE ( 'NONE', ( #2766 ), #2712, .T. ) ;
#13 = VECTOR ( 'NONE', #2707, 1000.000000000000000 ) ;
#14 = LINE ( 'NONE', #1895, #2116 ) ;
#15 = EDGE_CURVE ( 'NONE', #2007, #293, #1557, .T. ) ;
#16 = ORIENTED_EDGE ( 'NONE', *, *, #315, .T. ) ;
#17 = DIRECTION ( 'NONE',  ( 0.000000000000000000, 0.000000000000000000, -1.000000000000000000 ) ) ;
#18 = ORIENTED_EDGE ( 'NONE', *, *, #1414, .T. ) ;
#19 = CARTESIAN_POINT ( 'NONE',  ( 117.3910694614035606, -114.7110337319886213, 8.200000000000001066 ) ) ;
#20 = VECTOR ( 'NONE', #2718, 1000.000000000000000 ) ;
#21 = ORIENTED_EDGE ( 'NONE', *, *, #1373, .F. ) ;
#22 = DIRECTION ( 'NONE',  ( 1.000000000000000000, 0.000000000000000000, 0.000000000000000000 ) ) ;
#23 = AXIS2_PLACEMENT_3D ( 'NONE', #1516, #142, #1987 ) ;
#24 = LINE ( 'NONE', #1308, #2670 ) ;
#25 = CARTESIAN_POINT ( 'NONE',  ( 280.5740346952891855, -89.52671685863680295, 0.000000000000000000 ) ) ;
#26 = ORIENTED_EDGE ( 'NONE', *, *, #2606, .F. ) ;
#27 = AXIS2_PLACEMENT_3D ( 'NONE', #2764, #2990, #190 ) ;
#28 = DIRECTION ( 'NONE',  ( 0.000000000000000000, -1.000000000000000000, 0.000000000000000000 ) ) ;
#29 = EDGE_LOOP ( 'NONE', ( #1521, #2860, #551, #2595, #2039, #69, #353, #2131, #1240, #2553, #16, #2143, #1500 ) ) ;
#30 = CARTESIAN_POINT ( 'NONE',  ( 263.9117569401918786, -118.5135498496957638, 8.200000000000001066 ) ) ;
#31 = ORIENTED_EDGE ( 'NONE', *, *, #2297, .F. ) ;
#32 = DIRECTION ( 'NONE',  ( -0.000000000000000000, 0.000000000000000000, 1.000000000000000000 ) ) ;
#33 = EDGE_CURVE ( 'NONE', #1705, #869, #1104, .T. ) ;
#34 = ORIENTED_EDGE ( 'NONE', *, *, #2963, .F. ) ;
#35 = PLANE ( 'NONE',  #2601 ) ;
#36 = AXIS2_PLACEMENT_3D ( 'NONE', #1974, #2453, #2903 ) ;
#37 = CARTESIAN_POINT ( 'NONE',  ( 0.000000000000000000, -80.09101708635411399, -2.299999999999999378 ) ) ;
#38 = CIRCLE ( 'NONE', #815, 1.500000000000001332 ) ;
#39 = DIRECTION ( 'NONE',  ( 1.000000000000000000, 0.000000000000000000, 0.000000000000000000 ) ) ;
#40 = ORIENTED_EDGE ( 'NONE', *, *, #2735, .F. ) ;
#41 = EDGE_CURVE ( 'NONE', #1526, #1868, #1739, .T. ) ;
#42 = VECTOR ( 'NONE', #461, 1000.000000000000000 ) ;
#43 = ORIENTED_EDGE ( 'NONE', *, *, #2293, .T. ) ;
#44 = AXIS2_PLACEMENT_3D ( 'NONE', #2410, #833, #2876 ) ;
#45 = CARTESIAN_POINT ( 'NONE',  ( 276.5053939874067623, -93.40144548877422892, 8.200000000000001066 ) ) ;
#46 = EDGE_CURVE ( 'NONE', #2031, #448, #442, .T. ) ;
#47 = AXIS2_PLACEMENT_3D ( 'NONE', #475, #1175, #535 ) ;
#48 = ORIENTED_EDGE ( 'NONE', *, *, #640, .F. ) ;
#49 = UNCERTAINTY_MEASURE_WITH_UNIT (LENGTH_MEASURE( 1.000000000000000082E-05 ), #2321, 'distance_accuracy_value', 'NONE');
#50 = FACE_OUTER_BOUND ( 'NONE', #2852, .T. ) ;
#51 = VERTEX_POINT ( 'NONE', #932 ) ;
#52 = CARTESIAN_POINT ( 'NONE',  ( 272.3614855999999804, -44.03324640999999673, -1.000000000000000000 ) ) ;
#53 = ORIENTED_EDGE ( 'NONE', *, *, #1686, .T. ) ;
#54 = ADVANCED_FACE ( 'NONE', ( #2541 ), #673, .T. ) ;
#55 = CARTESIAN_POINT ( 'NONE',  ( 272.3614855999999804, -44.03324640999999673, -1.000000000000000000 ) ) ;
#56 = PLANE ( 'NONE',  #153 ) ;
#57 = ADVANCED_FACE ( 'NONE', ( #882 ), #2017, .T. ) ;
#58 = LINE ( 'NONE', #1219, #166 ) ;
#59 = EDGE_LOOP ( 'NONE', ( #1952, #2000, #130, #969 ) ) ;
#60 = AXIS2_PLACEMENT_3D ( 'NONE', #88, #1217, #1931 ) ;
#61 = ORIENTED_EDGE ( 'NONE', *, *, #41, .T. ) ;
#62 = EDGE_CURVE ( 'NONE', #972, #1326, #1203, .T. ) ;
#63 = CARTESIAN_POINT ( 'NONE',  ( 277.5814386974133754, -89.52420074477660705, 8.200000000000001066 ) ) ;
#64 = VERTEX_POINT ( 'NONE', #2992 ) ;
#65 = CYLINDRICAL_SURFACE ( 'NONE', #1780, 4.000000019635269410 ) ;
#66 = EDGE_CURVE ( 'NONE', #1804, #1929, #1807, .T. ) ;
#67 = ORIENTED_EDGE ( 'NONE', *, *, #524, .F. ) ;
#68 = CARTESIAN_POINT ( 'NONE',  ( 116.3910694614035748, -114.7110337319886213, 8.200000000000001066 ) ) ;
#69 = ORIENTED_EDGE ( 'NONE', *, *, #766, .T. ) ;
#70 = DIRECTION ( 'NONE',  ( 0.000000000000000000, 1.000000000000000000, 0.000000000000000000 ) ) ;
#71 = VECTOR ( 'NONE', #237, 1000.000000000000000 ) ;
#72 = FACE_OUTER_BOUND ( 'NONE', #416, .T. ) ;
#73 = DIRECTION ( 'NONE',  ( -1.000000000000000000, 0.000000000000000000, 0.000000000000000000 ) ) ;
#74 = CIRCLE ( 'NONE', #2684, 6.000000000000005329 ) ;
#75 = ORIENTED_EDGE ( 'NONE', *, *, #2472, .T. ) ;
#76 = ADVANCED_FACE ( 'NONE', ( #2504 ), #2555, .T. ) ;
#77 = AXIS2_PLACEMENT_3D ( 'NONE', #1471, #1746, #2642 ) ;
#78 = CYLINDRICAL_SURFACE ( 'NONE', #911, 7.000000019522667927 ) ;
#79 = ADVANCED_FACE ( 'NONE', ( #454 ), #1371, .T. ) ;
#80 = DIRECTION ( 'NONE',  ( -1.000000000000000000, 0.000000000000000000, 0.000000000000000000 ) ) ;
#81 = ORIENTED_EDGE ( 'NONE', *, *, #2326, .F. ) ;
#82 = EDGE_CURVE ( 'NONE', #1569, #117, #2165, .T. ) ;
#83 = DIRECTION ( 'NONE',  ( 0.000000000000000000, 0.000000000000000000, 1.000000000000000000 ) ) ;
#84 = ORIENTED_EDGE ( 'NONE', *, *, #2472, .F. ) ;
#85 = DIRECTION ( 'NONE',  ( 1.000000000000000000, 0.000000000000000000, 0.000000000000000000 ) ) ;
#86 = ORIENTED_EDGE ( 'NONE', *, *, #2160, .T. ) ;
#87 = CARTESIAN_POINT ( 'NONE',  ( -8.875287187699280267, -105.6743076037980416, 8.200000000000001066 ) ) ;
#88 = CARTESIAN_POINT ( 'NONE',  ( 125.1764707090654554, -113.4260893411192797, -1.000000000000000000 ) ) ;
#89 = CARTESIAN_POINT ( 'NONE',  ( 252.1847671849627943, -88.20546261256457399, 1.700000000000000178 ) ) ;
#90 = AXIS2_PLACEMENT_3D ( 'NONE', #1434, #1242, #2623 ) ;
#91 = ORIENTED_EDGE ( 'NONE', *, *, #239, .F. ) ;
#92 = LINE ( 'NONE', #2619, #1191 ) ;
#93 = DIRECTION ( 'NONE',  ( -1.000000000000000000, 0.000000000000000000, -0.000000000000000000 ) ) ;
#94 = ORIENTED_EDGE ( 'NONE', *, *, #2305, .F. ) ;
#95 = LINE ( 'NONE', #1192, #2320 ) ;
#96 = ORIENTED_EDGE ( 'NONE', *, *, #1050, .F. ) ;
#97 = CARTESIAN_POINT ( 'NONE',  ( 123.6218448224775273, -42.70911683193691033, 7.200000000000000178 ) ) ;
#98 = ORIENTED_EDGE ( 'NONE', *, *, #1561, .F. ) ;
#99 = CARTESIAN_POINT ( 'NONE',  ( 116.5681647181903031, -116.5251457499001901, 3.200000000000000178 ) ) ;
#100 = CARTESIAN_POINT ( 'NONE',  ( 123.3836654409463591, -114.7135498544849241, 3.200000000000000178 ) ) ;
#101 = CARTESIAN_POINT ( 'NONE',  ( 277.5814386974133754, -71.47828436801889040, 8.200000000000001066 ) ) ;
#102 = CARTESIAN_POINT ( 'NONE',  ( 170.1606793350094620, -120.7110337092004499, 8.200000000000001066 ) ) ;
#103 = ORIENTED_EDGE ( 'NONE', *, *, #576, .F. ) ;
#104 = CARTESIAN_POINT ( 'NONE',  ( 280.4836468882558052, -90.64799262664348589, 0.000000000000000000 ) ) ;
#105 = EDGE_CURVE ( 'NONE', #2882, #218, #1397, .T. ) ;
#106 = DIRECTION ( 'NONE',  ( -0.7071067811865414665, 0.000000000000000000, -0.7071067811865536790 ) ) ;
#107 = ORIENTED_EDGE ( 'NONE', *, *, #594, .F. ) ;
#108 = CARTESIAN_POINT ( 'NONE',  ( 278.6070138007695505, -93.40144548877421471, 8.200000000000001066 ) ) ;
#109 = ORIENTED_EDGE ( 'NONE', *, *, #2631, .F. ) ;
#110 = DIRECTION ( 'NONE',  ( -1.000000000000000000, 0.000000000000000000, 0.000000000000000000 ) ) ;
#111 = VERTEX_POINT ( 'NONE', #2943 ) ;
#112 = PLANE ( 'NONE',  #383 ) ;
#113 = ORIENTED_EDGE ( 'NONE', *, *, #1323, .T. ) ;
#114 = DIRECTION ( 'NONE',  ( 0.000000000000000000, 0.000000000000000000, 1.000000000000000000 ) ) ;
#115 = DIRECTION ( 'NONE',  ( -0.000000000000000000, -0.000000000000000000, -1.000000000000000000 ) ) ;
#116 = DIRECTION ( 'NONE',  ( 0.000000000000000000, 0.000000000000000000, 1.000000000000000000 ) ) ;
#117 = VERTEX_POINT ( 'NONE', #2265 ) ;
#118 = AXIS2_PLACEMENT_3D ( 'NONE', #2701, #659, #406 ) ;
#119 = DIRECTION ( 'NONE',  ( 0.000000000000000000, 0.000000000000000000, 1.000000000000000000 ) ) ;
#120 = AXIS2_PLACEMENT_3D ( 'NONE', #376, #1971, #1749 ) ;
#121 = CARTESIAN_POINT ( 'NONE',  ( 145.9347671849628227, -61.60546261256457967, 3.200000000000000178 ) ) ;
#122 = DIRECTION ( 'NONE',  ( -0.000000000000000000, -0.000000000000000000, 1.000000000000000000 ) ) ;
#123 = VERTEX_POINT ( 'NONE', #917 ) ;
#124 = DIRECTION ( 'NONE',  ( 1.000000000000000000, 0.000000000000000000, 0.000000000000000000 ) ) ;
#125 = VERTEX_POINT ( 'NONE', #1606 ) ;
#126 = ORIENTED_EDGE ( 'NONE', *, *, #1995, .T. ) ;
#127 = CARTESIAN_POINT ( 'NONE',  ( 266.3614855999999236, -44.03324640999999673, -3.000000000000000000 ) ) ;
#128 = LINE ( 'NONE', #101, #1728 ) ;
#129 = PLANE ( 'NONE',  #214 ) ;
#130 = ORIENTED_EDGE ( 'NONE', *, *, #1011, .F. ) ;
#131 = DIRECTION ( 'NONE',  ( 0.000000000000000000, 0.000000000000000000, 1.000000000000000000 ) ) ;
#132 = CIRCLE ( 'NONE', #1828, 6.000000000000019540 ) ;
#133 = DIRECTION ( 'NONE',  ( -0.000000000000000000, -0.000000000000000000, 1.000000000000000000 ) ) ;
#134 = CIRCLE ( 'NONE', #2365, 3.999999972692527717 ) ;
#135 = DIRECTION ( 'NONE',  ( -0.000000000000000000, -0.000000000000000000, -1.000000000000000000 ) ) ;
#136 = ORIENTED_EDGE ( 'NONE', *, *, #1566, .T. ) ;
#137 = CARTESIAN_POINT ( 'NONE',  ( -8.958979710185099421, -106.6707992302956853, 8.200000000000001066 ) ) ;
#138 = CIRCLE ( 'NONE', #334, 2.000000000000001776 ) ;
#139 = ORIENTED_EDGE ( 'NONE', *, *, #1007, .F. ) ;
#140 = ORIENTED_EDGE ( 'NONE', *, *, #62, .F. ) ;
#141 = ADVANCED_FACE ( 'NONE', ( #2318 ), #499, .F. ) ;
#142 = DIRECTION ( 'NONE',  ( -0.000000000000000000, 0.000000000000000000, -1.000000000000000000 ) ) ;
#143 = B_SPLINE_CURVE_WITH_KNOTS ( 'NONE', 3,
 ( #325, #1247, #985, #296, #759, #542, #2388, #1902, #311, #747 ),
 .UNSPECIFIED., .F., .F.,
 ( 4, 2, 2, 2, 4 ),
 ( 0.000000000000000000, 0.2500000000000000000, 0.5000000000000000000, 0.7500000000000000000, 1.000000000000000000 ),
 .UNSPECIFIED. ) ;
#144 = ADVANCED_FACE ( 'NONE', ( #2616 ), #1400, .F. ) ;
#145 = DIRECTION ( 'NONE',  ( -0.000000000000000000, 0.000000000000000000, 1.000000000000000000 ) ) ;
#146 = LINE ( 'NONE', #633, #1000 ) ;
#147 = CIRCLE ( 'NONE', #676, 6.000000000000005329 ) ;
#148 = B_SPLINE_CURVE_WITH_KNOTS ( 'NONE', 3,
 ( #1303, #1966, #2911, #1272 ),
 .UNSPECIFIED., .F., .F.,
 ( 4, 4 ),
 ( 0.000000000000000000, 1.000000000000000000 ),
 .UNSPECIFIED. ) ;
#149 = ORIENTED_EDGE ( 'NONE', *, *, #1207, .F. ) ;
#150 = ADVANCED_FACE ( 'NONE', ( #1233 ), #2141, .F. ) ;
#151 = CARTESIAN_POINT ( 'NONE',  ( 116.6218807702438625, -42.68668113403268194, 7.200000000000000178 ) ) ;
#152 = CARTESIAN_POINT ( 'NONE',  ( 144.4347671849628227, -61.60546261256457967, 1.700000000000000178 ) ) ;
#153 = AXIS2_PLACEMENT_3D ( 'NONE', #282, #1691, #2128 ) ;
#154 = CARTESIAN_POINT ( 'NONE',  ( 119.3910694659228255, -114.7110337319886213, 3.200000000000000178 ) ) ;
#155 = ORIENTED_EDGE ( 'NONE', *, *, #841, .T. ) ;
#156 = CARTESIAN_POINT ( 'NONE',  ( 273.5740346757665407, -42.61547416727292870, -3.000000000000000000 ) ) ;
#157 = EDGE_LOOP ( 'NONE', ( #601, #2884 ) ) ;
#158 = ADVANCED_FACE ( 'NONE', ( #72 ), #2572, .F. ) ;
#159 = CARTESIAN_POINT ( 'NONE',  ( 266.3614855999999236, -44.03324640999999673, -1.000000000000000000 ) ) ;
#160 = CARTESIAN_POINT ( 'NONE',  ( 251.7482171383261687, -67.73842685996903867, -2.299999999999999378 ) ) ;
#161 = DIRECTION ( 'NONE',  ( -0.003205111461036342421, -0.9999948636170699068, 0.000000000000000000 ) ) ;
#162 = VERTEX_POINT ( 'NONE', #1184 ) ;
#163 = CARTESIAN_POINT ( 'NONE',  ( 265.4451572071588430, -125.3851599969131883, 3.199999999999999734 ) ) ;
#164 = VERTEX_POINT ( 'NONE', #2110 ) ;
#165 = EDGE_CURVE ( 'NONE', #2685, #780, #2597, .T. ) ;
#166 = VECTOR ( 'NONE', #591, 1000.000000000000000 ) ;
#167 = ADVANCED_FACE ( 'NONE', ( #1443 ), #961, .F. ) ;
#168 = DIRECTION ( 'NONE',  ( -0.9486832971379852708, 0.3162277687544237104, 0.000000000000000000 ) ) ;
#169 = EDGE_LOOP ( 'NONE', ( #1229, #813, #310, #879 ) ) ;
#170 = PLANE ( 'NONE',  #2895 ) ;
#171 = EDGE_LOOP ( 'NONE', ( #1190, #773, #229, #94, #265, #107, #2032 ) ) ;
#172 = VECTOR ( 'NONE', #1620, 1000.000000000000114 ) ;
#173 = ADVANCED_FACE ( 'NONE', ( #2347 ), #543, .F. ) ;
#174 = FACE_OUTER_BOUND ( 'NONE', #2791, .T. ) ;
#175 = CARTESIAN_POINT ( 'NONE',  ( 182.7090827223657641, 0.000000000000000000, -2.299999999999999378 ) ) ;
#176 = FILL_AREA_STYLE_COLOUR ( '', #889 ) ;
#177 = CARTESIAN_POINT ( 'NONE',  ( 131.1764707090654554, -113.4260893411192797, -3.000000000000000000 ) ) ;
#178 = DIRECTION ( 'NONE',  ( -1.000000000000000000, 0.000000000000000000, -0.000000000000000000 ) ) ;
#179 = DIRECTION ( 'NONE',  ( -1.000000000000000000, 0.000000000000000000, 0.000000000000000000 ) ) ;
#180 = ORIENTED_EDGE ( 'NONE', *, *, #557, .T. ) ;
#181 = AXIS2_PLACEMENT_3D ( 'NONE', #247, #2542, #2063 ) ;
#182 = DIRECTION ( 'NONE',  ( 0.000000000000000000, 0.000000000000000000, -1.000000000000000000 ) ) ;
#183 = AXIS2_PLACEMENT_3D ( 'NONE', #1225, #83, #2136 ) ;
#184 = EDGE_LOOP ( 'NONE', ( #1120, #2692, #395, #2761 ) ) ;
#185 = FACE_OUTER_BOUND ( 'NONE', #1258, .T. ) ;
#186 = EDGE_CURVE ( 'NONE', #436, #2633, #2389, .T. ) ;
#187 = AXIS2_PLACEMENT_3D ( 'NONE', #2026, #2755, #1788 ) ;
#188 = ORIENTED_EDGE ( 'NONE', *, *, #1351, .F. ) ;
#189 = AXIS2_PLACEMENT_3D ( 'NONE', #152, #1994, #384 ) ;
#190 = DIRECTION ( 'NONE',  ( 1.000000000000000000, 0.000000000000000000, 0.000000000000000000 ) ) ;
#191 = DIRECTION ( 'NONE',  ( 1.000000000000000000, 0.000000000000000000, 0.000000000000000000 ) ) ;
#192 = DIRECTION ( 'NONE',  ( 0.000000000000000000, 0.000000000000000000, 1.000000000000000000 ) ) ;
#193 = LINE ( 'NONE', #1106, #2460 ) ;
#194 = CARTESIAN_POINT ( 'NONE',  ( 126.4597671849628000, -88.20546261256457399, 3.200000000000000178 ) ) ;
#195 = CIRCLE ( 'NONE', #1592, 6.999999897386449454 ) ;
#196 = DIRECTION ( 'NONE',  ( 1.000000000000000000, 0.000000000000000000, 0.000000000000000000 ) ) ;
#197 = ORIENTED_EDGE ( 'NONE', *, *, #2715, .F. ) ;
#198 = DIRECTION ( 'NONE',  ( -0.0004534189767313418851, 0.7071066358133282215, 0.7071067811865394681 ) ) ;
#199 = DIRECTION ( 'NONE',  ( -0.9495817880452721571, 0.3135194217472721534, 0.000000000000000000 ) ) ;
#200 = ORIENTED_EDGE ( 'NONE', *, *, #394, .F. ) ;
#201 = DIRECTION ( 'NONE',  ( 1.000000000000000000, -1.982541109872852053E-15, 0.000000000000000000 ) ) ;
#202 = ORIENTED_EDGE ( 'NONE', *, *, #1651, .F. ) ;
#203 = CARTESIAN_POINT ( 'NONE',  ( 123.3910694386153750, -114.7110337319886213, 8.200000000000001066 ) ) ;
#204 = ORIENTED_EDGE ( 'NONE', *, *, #2182, .F. ) ;
#205 = CARTESIAN_POINT ( 'NONE',  ( 263.9191609378609087, -118.5110337271994752, 8.200000000000001066 ) ) ;
#206 = CARTESIAN_POINT ( 'NONE',  ( 116.6218807702438625, -42.68668113403268194, 7.200000000000000178 ) ) ;
#207 = FACE_OUTER_BOUND ( 'NONE', #184, .T. ) ;
#208 = EDGE_CURVE ( 'NONE', #1698, #745, #2527, .T. ) ;
#209 = FACE_OUTER_BOUND ( 'NONE', #29, .T. ) ;
#210 = DIRECTION ( 'NONE',  ( -0.000000000000000000, -0.000000000000000000, -1.000000000000000000 ) ) ;
#211 = ORIENTED_EDGE ( 'NONE', *, *, #2493, .T. ) ;
#212 = PLANE ( 'NONE',  #404 ) ;
#213 = ORIENTED_EDGE ( 'NONE', *, *, #356, .T. ) ;
#214 = AXIS2_PLACEMENT_3D ( 'NONE', #660, #422, #2019 ) ;
#215 = CARTESIAN_POINT ( 'NONE',  ( 272.3614855999999804, -44.03324640999999673, -3.000000000000000000 ) ) ;
#216 = AXIS2_PLACEMENT_3D ( 'NONE', #479, #1138, #715 ) ;
#217 = DIRECTION ( 'NONE',  ( -0.3135194217472720979, -0.9495817880452721571, -0.000000000000000000 ) ) ;
#218 = VERTEX_POINT ( 'NONE', #298 ) ;
#219 = CARTESIAN_POINT ( 'NONE',  ( 174.6647671849628125, -101.5054626125645996, 1.700000000000000178 ) ) ;
#220 = AXIS2_PLACEMENT_3D ( 'NONE', #355, #1277, #688 ) ;
#221 = DIRECTION ( 'NONE',  ( 0.000000000000000000, -1.000000000000000000, 0.000000000000000000 ) ) ;
#222 = DIRECTION ( 'NONE',  ( -0.000000000000000000, -0.000000000000000000, 1.000000000000000000 ) ) ;
#223 = PLANE ( 'NONE',  #649 ) ;
#224 = CARTESIAN_POINT ( 'NONE',  ( 177.6647671849628125, -101.5054626125645996, 1.700000000000000178 ) ) ;
#225 = VERTEX_POINT ( 'NONE', #1918 ) ;
#226 =( NAMED_UNIT ( * ) PLANE_ANGLE_UNIT ( ) SI_UNIT ( $, .RADIAN. ) );
#227 = DIRECTION ( 'NONE',  ( -0.000000000000000000, 0.000000000000000000, 1.000000000000000000 ) ) ;
#228 = CARTESIAN_POINT ( 'NONE',  ( 0.000000000000000000, -118.7110337046811708, 8.200000000000001066 ) ) ;
#229 = ORIENTED_EDGE ( 'NONE', *, *, #1874, .F. ) ;
#230 = FACE_OUTER_BOUND ( 'NONE', #1451, .T. ) ;
#231 = ORIENTED_EDGE ( 'NONE', *, *, #2293, .F. ) ;
#232 = LINE ( 'NONE', #899, #2054 ) ;
#233 = AXIS2_PLACEMENT_3D ( 'NONE', #2304, #946, #2506 ) ;
#234 = CARTESIAN_POINT ( 'NONE',  ( 170.1113555409463345, -121.7135498316967244, 0.000000000000000000 ) ) ;
#235 = DIRECTION ( 'NONE',  ( -1.000000000000000000, 0.000000000000000000, 0.000000000000000000 ) ) ;
#236 = EDGE_CURVE ( 'NONE', #739, #602, #2584, .T. ) ;
#237 = DIRECTION ( 'NONE',  ( 0.000000000000000000, -1.000000000000000000, 0.000000000000000000 ) ) ;
#238 = VERTEX_POINT ( 'NONE', #1871 ) ;
#239 = EDGE_CURVE ( 'NONE', #2816, #1021, #2237, .T. ) ;
#240 = LINE ( 'NONE', #1346, #1580 ) ;
#241 = LINE ( 'NONE', #2339, #290 ) ;
#242 = ORIENTED_EDGE ( 'NONE', *, *, #1353, .T. ) ;
#243 = CYLINDRICAL_SURFACE ( 'NONE', #610, 3.999999972692541483 ) ;
#244 = ORIENTED_EDGE ( 'NONE', *, *, #1441, .T. ) ;
#245 = FACE_OUTER_BOUND ( 'NONE', #2917, .T. ) ;
#246 = VERTEX_POINT ( 'NONE', #1638 ) ;
#247 = CARTESIAN_POINT ( 'NONE',  ( 123.6218448224775273, -42.70911683193691033, 8.200000000000001066 ) ) ;
#248 = DIRECTION ( 'NONE',  ( 0.000000000000000000, 0.000000000000000000, -1.000000000000000000 ) ) ;
#249 = CARTESIAN_POINT ( 'NONE',  ( 123.3836654409463591, -121.7135498316967244, -3.000000000000000000 ) ) ;
#250 = ORIENTED_EDGE ( 'NONE', *, *, #2650, .T. ) ;
#251 = ADVANCED_FACE ( 'NONE', ( #761 ), #56, .F. ) ;
#252 = DIRECTION ( 'NONE',  ( -0.000000000000000000, -0.000000000000000000, -1.000000000000000000 ) ) ;
#253 = EDGE_CURVE ( 'NONE', #2196, #1745, #974, .T. ) ;
#254 = ORIENTED_EDGE ( 'NONE', *, *, #1351, .T. ) ;
#255 = CARTESIAN_POINT ( 'NONE',  ( 266.1677853576053963, -125.1400372887408707, 7.200000000000000178 ) ) ;
#256 = AXIS2_PLACEMENT_3D ( 'NONE', #1797, #2510, #1560 ) ;
#257 = VERTEX_POINT ( 'NONE', #2823 ) ;
#258 = DIRECTION ( 'NONE',  ( 0.000000000000000000, -1.000000000000000000, 0.000000000000000000 ) ) ;
#259 = ADVANCED_FACE ( 'NONE', ( #2858 ), #831, .T. ) ;
#260 = ORIENTED_EDGE ( 'NONE', *, *, #380, .F. ) ;
#261 = CARTESIAN_POINT ( 'NONE',  ( 252.1847671849627943, -88.20546261256457399, 1.700000000000000178 ) ) ;
#262 = VECTOR ( 'NONE', #603, 1000.000000000000227 ) ;
#263 = DIRECTION ( 'NONE',  ( 0.000000000000000000, -0.000000000000000000, -1.000000000000000000 ) ) ;
#264 = PLANE ( 'NONE',  #1764 ) ;
#265 = ORIENTED_EDGE ( 'NONE', *, *, #2198, .T. ) ;
#266 = ORIENTED_EDGE ( 'NONE', *, *, #1587, .F. ) ;
#267 = EDGE_CURVE ( 'NONE', #387, #2247, #24, .T. ) ;
#268 = CYLINDRICAL_SURFACE ( 'NONE', #1096, 7.000000009015322711 ) ;
#269 = EDGE_CURVE ( 'NONE', #284, #123, #684, .T. ) ;
#270 = ADVANCED_FACE ( 'NONE', ( #1518 ), #2871, .T. ) ;
#271 = EDGE_LOOP ( 'NONE', ( #2803, #1262, #1332, #2029 ) ) ;
#272 = EDGE_CURVE ( 'NONE', #780, #694, #2438, .T. ) ;
#273 = CARTESIAN_POINT ( 'NONE',  ( 263.9191609378609087, -118.5110337271994752, 8.200000000000001066 ) ) ;
#274 = ORIENTED_EDGE ( 'NONE', *, *, #1255, .F. ) ;
#275 = CARTESIAN_POINT ( 'NONE',  ( 263.9191609378609087, -122.5110337378194032, 3.200000000000000178 ) ) ;
#276 = EDGE_CURVE ( 'NONE', #940, #1080, #1045, .T. ) ;
#277 = ORIENTED_EDGE ( 'NONE', *, *, #380, .T. ) ;
#278 = CARTESIAN_POINT ( 'NONE',  ( 122.4729019394275014, -121.7110337092004357, 3.200000000000000178 ) ) ;
#279 = EDGE_CURVE ( 'NONE', #1664, #1730, #2238, .T. ) ;
#280 = AXIS2_PLACEMENT_3D ( 'NONE', #556, #621, #2422 ) ;
#281 = AXIS2_PLACEMENT_3D ( 'NONE', #2977, #1157, #674 ) ;
#282 = CARTESIAN_POINT ( 'NONE',  ( 280.5740346952891855, -89.52671685863680295, 3.200000000000000178 ) ) ;
#283 = DIRECTION ( 'NONE',  ( -1.000000000000000000, 0.000000000000000000, 0.000000000000000000 ) ) ;
#284 = VERTEX_POINT ( 'NONE', #1074 ) ;
#285 = VERTEX_POINT ( 'NONE', #2172 ) ;
#286 = VECTOR ( 'NONE', #1772, 1000.000000000000000 ) ;
#287 = EDGE_CURVE ( 'NONE', #2196, #997, #2452, .T. ) ;
#288 = AXIS2_PLACEMENT_3D ( 'NONE', #1842, #483, #2303 ) ;
#289 = DIRECTION ( 'NONE',  ( -0.000000000000000000, -0.000000000000000000, -1.000000000000000000 ) ) ;
#290 = VECTOR ( 'NONE', #2329, 1000.000000000000000 ) ;
#291 = ORIENTED_EDGE ( 'NONE', *, *, #2726, .T. ) ;
#292 = CARTESIAN_POINT ( 'NONE',  ( 123.4597671849628142, -88.20546261256457399, 1.700000000000000178 ) ) ;
#293 = VERTEX_POINT ( 'NONE', #1292 ) ;
#294 = CARTESIAN_POINT ( 'NONE',  ( 279.9944396917125573, -92.40144548877422892, 7.200000000000000178 ) ) ;
#295 = EDGE_LOOP ( 'NONE', ( #2828, #2641, #496, #2383 ) ) ;
#296 = CARTESIAN_POINT ( 'NONE',  ( 118.8718864967176927, -37.51675340899330280, 3.199999999999999289 ) ) ;
#297 = EDGE_CURVE ( 'NONE', #1354, #64, #2663, .T. ) ;
#298 = CARTESIAN_POINT ( 'NONE',  ( 182.7090827223657641, -107.1651874455542668, -2.299999999999999378 ) ) ;
#299 = ADVANCED_FACE ( 'NONE', ( #1250 ), #1279, .F. ) ;
#300 = FACE_OUTER_BOUND ( 'NONE', #1529, .T. ) ;
#301 = ORIENTED_EDGE ( 'NONE', *, *, #2298, .F. ) ;
#302 = ADVANCED_FACE ( 'NONE', ( #1492 ), #2745, .T. ) ;
#303 = DIRECTION ( 'NONE',  ( -0.9999997944112106740, -0.0006412312659031846980, 0.000000000000000000 ) ) ;
#304 = CIRCLE ( 'NONE', #2772, 6.000000000000005329 ) ;
#305 = LINE ( 'NONE', #966, #1980 ) ;
#306 = ORIENTED_EDGE ( 'NONE', *, *, #462, .F. ) ;
#307 = CARTESIAN_POINT ( 'NONE',  ( 251.7482171383261687, 0.000000000000000000, -2.299999999999999378 ) ) ;
#308 = ORIENTED_EDGE ( 'NONE', *, *, #2450, .F. ) ;
#309 = CARTESIAN_POINT ( 'NONE',  ( 123.4597671849628142, -88.20546261256457399, 1.700000000000000178 ) ) ;
#310 = ORIENTED_EDGE ( 'NONE', *, *, #489, .F. ) ;
#311 = CARTESIAN_POINT ( 'NONE',  ( 116.6241980859609697, -41.96367591322064783, 3.200000000000000178 ) ) ;
#312 = VECTOR ( 'NONE', #10, 1000.000000000000000 ) ;
#313 = DIRECTION ( 'NONE',  ( -0.000000000000000000, -0.000000000000000000, -1.000000000000000000 ) ) ;
#314 = PLANE ( 'NONE',  #2144 ) ;
#315 = EDGE_CURVE ( 'NONE', #2849, #1698, #2221, .T. ) ;
#316 = EDGE_LOOP ( 'NONE', ( #981, #1553, #211, #1290, #1761 ) ) ;
#317 = AXIS2_PLACEMENT_3D ( 'NONE', #6, #1155, #930 ) ;
#318 = CARTESIAN_POINT ( 'NONE',  ( 215.0639466409463694, -125.4889912316967440, 3.200000000000000178 ) ) ;
#319 = CARTESIAN_POINT ( 'NONE',  ( 177.6647671849628125, -101.5054626125645996, 3.200000000000000178 ) ) ;
#320 = VERTEX_POINT ( 'NONE', #1506 ) ;
#321 = FACE_OUTER_BOUND ( 'NONE', #2014, .T. ) ;
#322 = ORIENTED_EDGE ( 'NONE', *, *, #557, .F. ) ;
#323 = CARTESIAN_POINT ( 'NONE',  ( 273.5788738224846384, -38.61295884310645476, 8.200000000000001066 ) ) ;
#324 = ORIENTED_EDGE ( 'NONE', *, *, #2385, .F. ) ;
#325 = CARTESIAN_POINT ( 'NONE',  ( 121.3657572514805736, -36.08245731344753437, 3.200000000000000178 ) ) ;
#326 = CARTESIAN_POINT ( 'NONE',  ( 263.9117569401918786, -118.5135498496957638, 3.200000000000000178 ) ) ;
#327 = EDGE_CURVE ( 'NONE', #2240, #51, #1719, .T. ) ;
#328 = CARTESIAN_POINT ( 'NONE',  ( 215.6571983378608763, -118.5110337181841373, 8.200000000000001066 ) ) ;
#329 = DIRECTION ( 'NONE',  ( -0.3162277685630153767, -0.9486832972017879007, 0.000000000000000000 ) ) ;
#330 = AXIS2_PLACEMENT_3D ( 'NONE', #741, #2382, #521 ) ;
#331 = ORIENTED_EDGE ( 'NONE', *, *, #1458, .T. ) ;
#332 = VECTOR ( 'NONE', #622, 1000.000000000000000 ) ;
#333 = CARTESIAN_POINT ( 'NONE',  ( 123.3836654409463591, -121.7135498316967244, 3.200000000000000178 ) ) ;
#334 = AXIS2_PLACEMENT_3D ( 'NONE', #425, #2227, #2949 ) ;
#335 = DIRECTION ( 'NONE',  ( 0.000000000000000000, 0.000000000000000000, 1.000000000000000000 ) ) ;
#336 = ORIENTED_EDGE ( 'NONE', *, *, #1353, .F. ) ;
#337 = DIRECTION ( 'NONE',  ( 1.000000000000000000, 0.000000000000000000, 0.000000000000000000 ) ) ;
#338 = ORIENTED_EDGE ( 'NONE', *, *, #1255, .T. ) ;
#339 = CARTESIAN_POINT ( 'NONE',  ( 272.3614855999999804, -44.03324640999999673, -1.000000000000000000 ) ) ;
#340 = CIRCLE ( 'NONE', #2564, 1.500000000000001332 ) ;
#341 = ORIENTED_EDGE ( 'NONE', *, *, #2765, .F. ) ;
#342 = CARTESIAN_POINT ( 'NONE',  ( 121.5550986465495242, -121.5280889971461420, 3.200000000000000178 ) ) ;
#343 = CARTESIAN_POINT ( 'NONE',  ( 253.6847671849627943, -88.20546261256457399, 1.700000000000000178 ) ) ;
#344 = LINE ( 'NONE', #1532, #808 ) ;
#345 = LINE ( 'NONE', #1266, #2002 ) ;
#346 = ORIENTED_EDGE ( 'NONE', *, *, #2253, .F. ) ;
#347 = DIRECTION ( 'NONE',  ( -0.000000000000000000, 0.000000000000000000, 1.000000000000000000 ) ) ;
#348 = FACE_OUTER_BOUND ( 'NONE', #800, .T. ) ;
#349 = EDGE_CURVE ( 'NONE', #1334, #436, #1061, .T. ) ;
#350 = LINE ( 'NONE', #1270, #934 ) ;
#351 = ORIENTED_EDGE ( 'NONE', *, *, #1147, .F. ) ;
#352 = CARTESIAN_POINT ( 'NONE',  ( 251.7482171383261687, -80.09101708635411399, 3.200000000000000178 ) ) ;
#353 = ORIENTED_EDGE ( 'NONE', *, *, #267, .T. ) ;
#354 = ORIENTED_EDGE ( 'NONE', *, *, #550, .T. ) ;
#355 = CARTESIAN_POINT ( 'NONE',  ( 124.9597671849628142, -88.20546261256457399, 1.700000000000000178 ) ) ;
#356 = EDGE_CURVE ( 'NONE', #2998, #2135, #664, .T. ) ;
#357 = DIRECTION ( 'NONE',  ( -0.3162277687544236549, -0.9486832971379851598, -0.000000000000000000 ) ) ;
#358 = LINE ( 'NONE', #1280, #1048 ) ;
#359 = AXIS2_PLACEMENT_3D ( 'NONE', #1374, #1596, #486 ) ;
#360 = EDGE_LOOP ( 'NONE', ( #1498, #1563, #2349, #1426, #2256, #2167, #291, #2183, #784, #700, #1790, #2125, #958, #1700, #1135 ) ) ;
#361 = VECTOR ( 'NONE', #1128, 1000.000000000000000 ) ;
#362 = DIRECTION ( 'NONE',  ( 1.000000000000000000, 0.000000000000000000, 0.000000000000000000 ) ) ;
#363 = AXIS2_PLACEMENT_3D ( 'NONE', #30, #954, #2802 ) ;
#364 = EDGE_CURVE ( 'NONE', #2009, #1334, #128, .T. ) ;
#365 = PLANE ( 'NONE',  #671 ) ;
#366 = CIRCLE ( 'NONE', #2829, 6.000000000000005329 ) ;
#367 = EDGE_CURVE ( 'NONE', #2467, #1245, #1826, .T. ) ;
#368 = CARTESIAN_POINT ( 'NONE',  ( 279.9944396917125573, -92.40144548877422892, 4.159359701202597570 ) ) ;
#369 = EDGE_CURVE ( 'NONE', #2330, #246, #344, .T. ) ;
#370 = VERTEX_POINT ( 'NONE', #2403 ) ;
#371 = CARTESIAN_POINT ( 'NONE',  ( 266.8082244006312180, -80.09101708635411399, -2.299999999999999378 ) ) ;
#372 = ORIENTED_EDGE ( 'NONE', *, *, #2326, .T. ) ;
#373 = B_SPLINE_CURVE_WITH_KNOTS ( 'NONE', 3,
 ( #859, #2737, #163, #1562 ),
 .UNSPECIFIED., .F., .F.,
 ( 4, 4 ),
 ( 0.000000000000000000, 1.000000000000000000 ),
 .UNSPECIFIED. ) ;
#374 = ORIENTED_EDGE ( 'NONE', *, *, #902, .F. ) ;
#375 = EDGE_CURVE ( 'NONE', #1745, #656, #2500, .T. ) ;
#376 = CARTESIAN_POINT ( 'NONE',  ( 261.5626038935362772, -118.3332827187243197, -1.000000000000000000 ) ) ;
#377 = ADVANCED_FACE ( 'NONE', ( #2187 ), #883, .T. ) ;
#378 = CARTESIAN_POINT ( 'NONE',  ( 170.1187595386153362, -121.7110337092004499, 7.200000000000000178 ) ) ;
#379 = LINE ( 'NONE', #1294, #2413 ) ;
#380 = EDGE_CURVE ( 'NONE', #592, #1631, #1558, .T. ) ;
#381 = VERTEX_POINT ( 'NONE', #2285 ) ;
#382 = DIRECTION ( 'NONE',  ( -0.000000000000000000, -0.000000000000000000, -1.000000000000000000 ) ) ;
#383 = AXIS2_PLACEMENT_3D ( 'NONE', #55, #1650, #1930 ) ;
#384 = DIRECTION ( 'NONE',  ( 1.000000000000000000, 0.000000000000000000, 0.000000000000000000 ) ) ;
#385 = EDGE_CURVE ( 'NONE', #320, #1933, #1029, .T. ) ;
#386 = DIRECTION ( 'NONE',  ( 0.000000000000000000, 0.000000000000000000, 1.000000000000000000 ) ) ;
#387 = VERTEX_POINT ( 'NONE', #2944 ) ;
#388 = CARTESIAN_POINT ( 'NONE',  ( 123.3910694386153750, -114.7110337319886213, 7.200000000000000178 ) ) ;
#389 = AXIS2_PLACEMENT_3D ( 'NONE', #2862, #2442, #80 ) ;
#390 = VERTEX_POINT ( 'NONE', #870 ) ;
#391 = CARTESIAN_POINT ( 'NONE',  ( 279.5740346952891855, -71.06407080564581236, 8.200000000000001066 ) ) ;
#392 = CARTESIAN_POINT ( 'NONE',  ( 125.1764707090654554, -44.03324640999999673, -1.000000000000000000 ) ) ;
#393 = CARTESIAN_POINT ( 'NONE',  ( 215.6571983378609048, -122.5110337378194032, 3.199999999999999734 ) ) ;
#394 = EDGE_CURVE ( 'NONE', #225, #2093, #2266, .T. ) ;
#395 = ORIENTED_EDGE ( 'NONE', *, *, #1784, .T. ) ;
#396 = ADVANCED_FACE ( 'NONE', ( #1808 ), #643, .T. ) ;
#397 = DIRECTION ( 'NONE',  ( -0.000000000000000000, -0.000000000000000000, 1.000000000000000000 ) ) ;
#398 = ORIENTED_EDGE ( 'NONE', *, *, #1345, .T. ) ;
#399 = EDGE_CURVE ( 'NONE', #1792, #501, #2731, .T. ) ;
#400 = FACE_OUTER_BOUND ( 'NONE', #2332, .T. ) ;
#401 = EDGE_LOOP ( 'NONE', ( #1287, #1950, #346, #2200 ) ) ;
#402 = CARTESIAN_POINT ( 'NONE',  ( 154.5428628386153491, -121.7110337092004357, 3.199999999999999734 ) ) ;
#403 = ORIENTED_EDGE ( 'NONE', *, *, #787, .F. ) ;
#404 = AXIS2_PLACEMENT_3D ( 'NONE', #2275, #2983, #666 ) ;
#405 = FACE_BOUND ( 'NONE', #912, .T. ) ;
#406 = DIRECTION ( 'NONE',  ( 1.000000000000000000, 0.000000000000000000, -0.000000000000000000 ) ) ;
#407 = CARTESIAN_POINT ( 'NONE',  ( 263.9191609378609087, -124.5110337271994752, 8.200000000000001066 ) ) ;
#408 = EDGE_CURVE ( 'NONE', #963, #2042, #2250, .T. ) ;
#409 = CARTESIAN_POINT ( 'NONE',  ( 239.4347671849628227, -44.50546261256457825, 1.700000000000000178 ) ) ;
#410 = ORIENTED_EDGE ( 'NONE', *, *, #2825, .F. ) ;
#411 = VECTOR ( 'NONE', #2424, 1000.000000000000227 ) ;
#412 = AXIS2_PLACEMENT_3D ( 'NONE', #100, #855, #2205 ) ;
#413 = DIRECTION ( 'NONE',  ( 1.000000000000000000, 0.000000000000000000, 0.000000000000000000 ) ) ;
#414 = EDGE_LOOP ( 'NONE', ( #1851, #2024 ) ) ;
#415 = CARTESIAN_POINT ( 'NONE',  ( 240.9347671849628227, -44.50546261256457825, 1.700000000000000178 ) ) ;
#416 = EDGE_LOOP ( 'NONE', ( #374, #140, #2722, #1412 ) ) ;
#417 = AXIS2_PLACEMENT_3D ( 'NONE', #388, #552, #124 ) ;
#418 = MANIFOLD_SOLID_BREP ( 'Fillet2', #1445 ) ;
#419 = CARTESIAN_POINT ( 'NONE',  ( 255.1847671849627943, -88.20546261256457399, 1.700000000000000178 ) ) ;
#420 = DIRECTION ( 'NONE',  ( 0.003205111335505743050, 0.9999948636174722516, 0.000000000000000000 ) ) ;
#421 = DIRECTION ( 'NONE',  ( 0.000000000000000000, 0.000000000000000000, -1.000000000000000000 ) ) ;
#422 = DIRECTION ( 'NONE',  ( -0.000000000000000000, -0.7071067811865524577, 0.7071067811865425767 ) ) ;
#423 = ADVANCED_FACE ( 'NONE', ( #646 ), #2960, .T. ) ;
#424 = DIRECTION ( 'NONE',  ( -1.000000000000000000, 0.000000000000000000, -0.000000000000000000 ) ) ;
#425 = CARTESIAN_POINT ( 'NONE',  ( 170.1606784812031492, -120.7110337046811139, 3.200000000000000178 ) ) ;
#426 = EDGE_LOOP ( 'NONE', ( #180, #1402, #729, #126, #628, #1774, #139 ) ) ;
#427 = DIRECTION ( 'NONE',  ( 0.000000000000000000, 0.000000000000000000, 1.000000000000000000 ) ) ;
#428 = AXIS2_PLACEMENT_3D ( 'NONE', #1959, #115, #2004 ) ;
#429 = AXIS2_PLACEMENT_3D ( 'NONE', #1423, #1701, #2126 ) ;
#430 = CARTESIAN_POINT ( 'NONE',  ( 280.5740346952891855, -42.61547415863682886, 3.200000000000000178 ) ) ;
#431 = ORIENTED_EDGE ( 'NONE', *, *, #2297, .T. ) ;
#432 = DIRECTION ( 'NONE',  ( -0.000000000000000000, -0.000000000000000000, -1.000000000000000000 ) ) ;
#433 = VECTOR ( 'NONE', #303, 1000.000000000000000 ) ;
#434 = ORIENTED_EDGE ( 'NONE', *, *, #1335, .T. ) ;
#435 = AXIS2_PLACEMENT_3D ( 'NONE', #1613, #1629, #1878 ) ;
#436 = VERTEX_POINT ( 'NONE', #2545 ) ;
#437 = AXIS2_PLACEMENT_3D ( 'NONE', #797, #2653, #547 ) ;
#438 = PLANE ( 'NONE',  #2548 ) ;
#439 = CARTESIAN_POINT ( 'NONE',  ( 239.4347671849628227, -44.50546261256457825, 1.700000000000000178 ) ) ;
#440 = CARTESIAN_POINT ( 'NONE',  ( 270.5740346952891855, -70.47828436801889040, 7.200000000000001066 ) ) ;
#441 = LINE ( 'NONE', #1825, #2991 ) ;
#442 = CIRCLE ( 'NONE', #2124, 1.499999999999987566 ) ;
#443 = CARTESIAN_POINT ( 'NONE',  ( 279.5740346952891855, -42.61547415863682886, 8.200000000000001066 ) ) ;
#444 = CIRCLE ( 'NONE', #1057, 6.000000019522666150 ) ;
#445 = CARTESIAN_POINT ( 'NONE',  ( 277.5814386974133754, -71.47828436801889040, 7.200000000000001066 ) ) ;
#446 = EDGE_LOOP ( 'NONE', ( #1814, #200, #31, #1036 ) ) ;
#447 = CARTESIAN_POINT ( 'NONE',  ( 273.5695461248292872, -35.61547558682823222, -3.000000000000000000 ) ) ;
#448 = VERTEX_POINT ( 'NONE', #194 ) ;
#449 = DIRECTION ( 'NONE',  ( -0.000000000000000000, -0.000000000000000000, -1.000000000000000000 ) ) ;
#450 = AXIS2_PLACEMENT_3D ( 'NONE', #1424, #313, #749 ) ;
#451 = DIRECTION ( 'NONE',  ( -0.000000000000000000, 0.000000000000000000, 1.000000000000000000 ) ) ;
#452 = ORIENTED_EDGE ( 'NONE', *, *, #2835, .T. ) ;
#453 = FACE_BOUND ( 'NONE', #2989, .T. ) ;
#454 = FACE_OUTER_BOUND ( 'NONE', #563, .T. ) ;
#455 = DIRECTION ( 'NONE',  ( -1.000000000000000000, 0.000000000000000000, 0.000000000000000000 ) ) ;
#456 = CARTESIAN_POINT ( 'NONE',  ( 267.7138941009055770, -119.7759449123220463, 8.200000000000001066 ) ) ;
#457 = VERTEX_POINT ( 'NONE', #886 ) ;
#458 = DIRECTION ( 'NONE',  ( 0.9999997944112103410, 0.0006412312663307872043, 0.000000000000000000 ) ) ;
#459 = DIRECTION ( 'NONE',  ( -0.000000000000000000, -0.000000000000000000, -1.000000000000000000 ) ) ;
#460 = AXIS2_PLACEMENT_3D ( 'NONE', #2979, #2081, #2770 ) ;
#461 = DIRECTION ( 'NONE',  ( 1.000000000000000000, 0.000000000000000000, 0.000000000000000000 ) ) ;
#462 = EDGE_CURVE ( 'NONE', #1470, #246, #1812, .T. ) ;
#463 = ORIENTED_EDGE ( 'NONE', *, *, #1907, .T. ) ;
#464 = VECTOR ( 'NONE', #2104, 1000.000000000000000 ) ;
#465 = CARTESIAN_POINT ( 'NONE',  ( 0.000000000000000000, -120.7110337092004499, 8.200000000000001066 ) ) ;
#466 = ORIENTED_EDGE ( 'NONE', *, *, #902, .T. ) ;
#467 = CARTESIAN_POINT ( 'NONE',  ( 273.5740346670150416, -89.52671685863680295, 0.000000000000000000 ) ) ;
#468 = CIRCLE ( 'NONE', #2784, 4.000000019635269410 ) ;
#469 = DIRECTION ( 'NONE',  ( 0.000000000000000000, 0.000000000000000000, -1.000000000000000000 ) ) ;
#470 = LINE ( 'NONE', #1636, #2793 ) ;
#471 = ADVANCED_FACE ( 'NONE', ( #1624 ), #223, .T. ) ;
#472 = DIRECTION ( 'NONE',  ( 1.000000000000000000, 0.000000000000000000, -0.000000000000000000 ) ) ;
#473 = DIRECTION ( 'NONE',  ( -0.9965364611537873563, 0.08315696958815861628, -0.000000000000000000 ) ) ;
#474 = ORIENTED_EDGE ( 'NONE', *, *, #1642, .T. ) ;
#475 = CARTESIAN_POINT ( 'NONE',  ( 123.6218448224775273, -42.70911683193691033, 8.200000000000001066 ) ) ;
#476 = ORIENTED_EDGE ( 'NONE', *, *, #1101, .F. ) ;
#477 = VECTOR ( 'NONE', #980, 1000.000000000000000 ) ;
#478 = PRODUCT_DEFINITION_CONTEXT ( 'detailed design', #1811, 'design' ) ;
#479 = CARTESIAN_POINT ( 'NONE',  ( 270.5740346952891855, -93.40144548877422892, 7.200000000000001066 ) ) ;
#480 = ORIENTED_EDGE ( 'NONE', *, *, #1207, .T. ) ;
#481 = FACE_OUTER_BOUND ( 'NONE', #2551, .T. ) ;
#482 = AXIS2_PLACEMENT_3D ( 'NONE', #484, #1168, #1387 ) ;
#483 = DIRECTION ( 'NONE',  ( 0.000000000000000000, -1.000000000000000000, 0.000000000000000000 ) ) ;
#484 = CARTESIAN_POINT ( 'NONE',  ( 176.1647671849628125, -101.5054626125645996, 1.700000000000000178 ) ) ;
#485 = DIRECTION ( 'NONE',  ( 1.000000000000000000, 0.000000000000000000, 0.000000000000000000 ) ) ;
#486 = DIRECTION ( 'NONE',  ( -1.000000000000000000, 0.000000000000000000, 0.000000000000000000 ) ) ;
#487 = ORIENTED_EDGE ( 'NONE', *, *, #462, .T. ) ;
#488 = EDGE_CURVE ( 'NONE', #2093, #162, #2051, .T. ) ;
#489 = EDGE_CURVE ( 'NONE', #2243, #898, #1659, .T. ) ;
#490 = EDGE_CURVE ( 'NONE', #1633, #780, #2932, .T. ) ;
#491 = FACE_OUTER_BOUND ( 'NONE', #1072, .T. ) ;
#492 = ORIENTED_EDGE ( 'NONE', *, *, #375, .T. ) ;
#493 = DIRECTION ( 'NONE',  ( -1.000000000000000000, 0.000000000000000000, 0.000000000000000000 ) ) ;
#494 = VERTEX_POINT ( 'NONE', #2080 ) ;
#495 = DIRECTION ( 'NONE',  ( 0.000000000000000000, -0.000000000000000000, 1.000000000000000000 ) ) ;
#496 = ORIENTED_EDGE ( 'NONE', *, *, #599, .F. ) ;
#497 = CARTESIAN_POINT ( 'NONE',  ( 125.1764707090654554, -44.03324640999999673, -3.000000000000000000 ) ) ;
#498 = ADVANCED_FACE ( 'NONE', ( #1108 ), #1360, .F. ) ;
#499 = PLANE ( 'NONE',  #1213 ) ;
#500 = DIRECTION ( 'NONE',  ( -0.000000000000000000, -1.000000000000000000, -0.000000000000000000 ) ) ;
#501 = VERTEX_POINT ( 'NONE', #1388 ) ;
#502 = EDGE_CURVE ( 'NONE', #2196, #457, #2964, .T. ) ;
#503 = ADVANCED_FACE ( 'NONE', ( #2289, #2978, #1595, #1608, #209 ), #2996, .T. ) ;
#504 = DIRECTION ( 'NONE',  ( -0.08035092970762189313, -0.9967666367285377138, 0.000000000000000000 ) ) ;
#505 = PRODUCT_DEFINITION_SHAPE ( 'NONE', 'NONE',  #1065 ) ;
#506 = ADVANCED_FACE ( 'NONE', ( #1844 ), #1158, .T. ) ;
#507 = VERTEX_POINT ( 'NONE', #1091 ) ;
#508 = CARTESIAN_POINT ( 'NONE',  ( 263.9191609378609087, -118.5110337271994752, 8.200000000000001066 ) ) ;
#509 = VECTOR ( 'NONE', #2713, 1000.000000000000000 ) ;
#510 = ORIENTED_EDGE ( 'NONE', *, *, #364, .F. ) ;
#511 = CYLINDRICAL_SURFACE ( 'NONE', #1328, 6.000000000000005329 ) ;
#512 = ORIENTED_EDGE ( 'NONE', *, *, #1126, .T. ) ;
#513 = LINE ( 'NONE', #2140, #812 ) ;
#514 = CIRCLE ( 'NONE', #1035, 2.000000000000001776 ) ;
#515 = DIRECTION ( 'NONE',  ( -1.000000000000000000, 0.000000000000000000, -0.000000000000000000 ) ) ;
#516 = DIRECTION ( 'NONE',  ( -0.000000000000000000, -0.000000000000000000, 1.000000000000000000 ) ) ;
#517 = VERTEX_POINT ( 'NONE', #935 ) ;
#518 = ORIENTED_EDGE ( 'NONE', *, *, #408, .F. ) ;
#519 = DIRECTION ( 'NONE',  ( -0.000000000000000000, -0.000000000000000000, -1.000000000000000000 ) ) ;
#520 = ORIENTED_EDGE ( 'NONE', *, *, #1524, .F. ) ;
#521 = DIRECTION ( 'NONE',  ( 1.000000000000000000, 0.000000000000000000, 0.000000000000000000 ) ) ;
#522 = ORIENTED_EDGE ( 'NONE', *, *, #1428, .F. ) ;
#523 = CARTESIAN_POINT ( 'NONE',  ( 123.6099523248292797, -35.71163438682823710, 7.200000000000000178 ) ) ;
#524 = EDGE_CURVE ( 'NONE', #1176, #1933, #2022, .T. ) ;
#525 = ORIENTED_EDGE ( 'NONE', *, *, #1867, .F. ) ;
#526 = DIRECTION ( 'NONE',  ( 0.000000000000000000, 0.000000000000000000, -1.000000000000000000 ) ) ;
#527 = AXIS2_PLACEMENT_3D ( 'NONE', #1827, #675, #2947 ) ;
#528 = AXIS2_PLACEMENT_3D ( 'NONE', #2251, #829, #1782 ) ;
#529 = DIRECTION ( 'NONE',  ( -1.000000000000000000, 0.000000000000000000, -0.000000000000000000 ) ) ;
#530 = CIRCLE ( 'NONE', #1489, 1.500000000000001332 ) ;
#531 = DIRECTION ( 'NONE',  ( -0.000000000000000000, 0.000000000000000000, 1.000000000000000000 ) ) ;
#532 = VERTEX_POINT ( 'NONE', #1368 ) ;
#533 = VECTOR ( 'NONE', #397, 1000.000000000000000 ) ;
#534 = DIRECTION ( 'NONE',  ( 1.000000000000000000, 0.000000000000000000, 0.000000000000000000 ) ) ;
#535 = DIRECTION ( 'NONE',  ( 1.000000000000000000, 0.000000000000000000, 0.000000000000000000 ) ) ;
#536 = AXIS2_PLACEMENT_3D ( 'NONE', #2434, #2673, #600 ) ;
#537 = ORIENTED_EDGE ( 'NONE', *, *, #82, .T. ) ;
#538 = DIRECTION ( 'NONE',  ( 0.000000000000000000, 0.000000000000000000, -1.000000000000000000 ) ) ;
#539 = ORIENTED_EDGE ( 'NONE', *, *, #1126, .F. ) ;
#540 = FACE_OUTER_BOUND ( 'NONE', #271, .T. ) ;
#541 = ORIENTED_EDGE ( 'NONE', *, *, #208, .F. ) ;
#542 = CARTESIAN_POINT ( 'NONE',  ( 117.5148108284793835, -39.21242156232470677, 3.199999999999999734 ) ) ;
#543 = PLANE ( 'NONE',  #2908 ) ;
#544 = LINE ( 'NONE', #987, #845 ) ;
#545 = ORIENTED_EDGE ( 'NONE', *, *, #165, .F. ) ;
#546 = DIRECTION ( 'NONE',  ( -0.000000000000000000, -0.000000000000000000, -1.000000000000000000 ) ) ;
#547 = DIRECTION ( 'NONE',  ( -1.000000000000000000, 0.000000000000000000, 0.000000000000000000 ) ) ;
#548 = EDGE_LOOP ( 'NONE', ( #545, #242, #2357, #2076 ) ) ;
#549 = PLANE ( 'NONE',  #2411 ) ;
#550 = EDGE_CURVE ( 'NONE', #1058, #1021, #728, .T. ) ;
#551 = ORIENTED_EDGE ( 'NONE', *, *, #1032, .T. ) ;
#552 = DIRECTION ( 'NONE',  ( 0.000000000000000000, 0.000000000000000000, -1.000000000000000000 ) ) ;
#553 = ORIENTED_EDGE ( 'NONE', *, *, #2430, .F. ) ;
#554 = DIRECTION ( 'NONE',  ( 0.000000000000000000, 1.000000000000000000, -0.000000000000000000 ) ) ;
#555 = CIRCLE ( 'NONE', #460, 7.000000000000006217 ) ;
#556 = CARTESIAN_POINT ( 'NONE',  ( 125.1764707090654554, -113.4260893411192797, -3.000000000000000000 ) ) ;
#557 = EDGE_CURVE ( 'NONE', #1115, #2633, #1882, .T. ) ;
#558 = CARTESIAN_POINT ( 'NONE',  ( 270.5525399578889392, -120.7271444177832365, 0.000000000000000000 ) ) ;
#559 = ORIENTED_EDGE ( 'NONE', *, *, #375, .F. ) ;
#560 = VECTOR ( 'NONE', #1866, 1000.000000000000000 ) ;
#561 = DIRECTION ( 'NONE',  ( 0.000000000000000000, 1.000000000000000000, 0.000000000000000000 ) ) ;
#562 = DIRECTION ( 'NONE',  ( -1.000000000000000000, 0.000000000000000000, -0.000000000000000000 ) ) ;
#563 = EDGE_LOOP ( 'NONE', ( #2057, #2401, #637, #1537 ) ) ;
#564 = CARTESIAN_POINT ( 'NONE',  ( 263.9154589390263368, -125.5122917884476124, 3.200000000000000178 ) ) ;
#565 = VERTEX_POINT ( 'NONE', #4 ) ;
#566 = CARTESIAN_POINT ( 'NONE',  ( 239.4347671849628227, -44.50546261256457825, 3.200000000000000178 ) ) ;
#567 = ORIENTED_EDGE ( 'NONE', *, *, #1996, .T. ) ;
#568 = CARTESIAN_POINT ( 'NONE',  ( 116.3881625971564944, -115.6067608150772372, 3.199999999999999734 ) ) ;
#569 = VERTEX_POINT ( 'NONE', #2577 ) ;
#570 = CARTESIAN_POINT ( 'NONE',  ( 119.1764707090654554, -113.4260893411192797, -1.000000000000000000 ) ) ;
#571 = CARTESIAN_POINT ( 'NONE',  ( 215.6571983378608763, -118.5110337181841373, 8.200000000000001066 ) ) ;
#572 = CARTESIAN_POINT ( 'NONE',  ( 273.5695461248292872, -35.61547558682823222, 3.200000000000000178 ) ) ;
#573 = AXIS2_PLACEMENT_3D ( 'NONE', #1594, #455, #2780 ) ;
#574 = AXIS2_PLACEMENT_3D ( 'NONE', #2671, #1525, #413 ) ;
#575 = ORIENTED_EDGE ( 'NONE', *, *, #2648, .T. ) ;
#576 = EDGE_CURVE ( 'NONE', #1617, #1273, #2536, .T. ) ;
#577 = FACE_OUTER_BOUND ( 'NONE', #2309, .T. ) ;
#578 = CIRCLE ( 'NONE', #2848, 3.999999972692527717 ) ;
#579 = FACE_OUTER_BOUND ( 'NONE', #1018, .T. ) ;
#580 = ORIENTED_EDGE ( 'NONE', *, *, #863, .F. ) ;
#581 = ADVANCED_FACE ( 'NONE', ( #2552 ), #243, .F. ) ;
#582 = DIRECTION ( 'NONE',  ( -0.000000000000000000, -0.000000000000000000, 1.000000000000000000 ) ) ;
#583 = ORIENTED_EDGE ( 'NONE', *, *, #772, .T. ) ;
#584 = DIRECTION ( 'NONE',  ( 0.000000000000000000, 0.000000000000000000, 1.000000000000000000 ) ) ;
#585 = CIRCLE ( 'NONE', #1103, 6.000000000000060396 ) ;
#586 = ORIENTED_EDGE ( 'NONE', *, *, #1986, .T. ) ;
#587 = CARTESIAN_POINT ( 'NONE',  ( 277.3761718479358933, -90.78911193055776607, 3.200000000000000178 ) ) ;
#588 = FACE_OUTER_BOUND ( 'NONE', #2654, .T. ) ;
#589 = DIRECTION ( 'NONE',  ( 0.003205111461036341553, 0.9999948636170700178, -0.000000000000000000 ) ) ;
#590 = EDGE_CURVE ( 'NONE', #125, #2074, #74, .T. ) ;
#591 = DIRECTION ( 'NONE',  ( -0.000000000000000000, -0.000000000000000000, -1.000000000000000000 ) ) ;
#592 = VERTEX_POINT ( 'NONE', #255 ) ;
#593 = CARTESIAN_POINT ( 'NONE',  ( 266.8082244006312180, -67.73842685996903867, -2.299999999999999378 ) ) ;
#594 = EDGE_CURVE ( 'NONE', #2132, #2789, #1589, .T. ) ;
#595 = LINE ( 'NONE', #1038, #818 ) ;
#596 = ADVANCED_FACE ( 'NONE', ( #1646 ), #2281, .T. ) ;
#597 = DIRECTION ( 'NONE',  ( -0.000000000000000000, 0.000000000000000000, 1.000000000000000000 ) ) ;
#598 = ORIENTED_EDGE ( 'NONE', *, *, #385, .T. ) ;
#599 = EDGE_CURVE ( 'NONE', #624, #1799, #896, .T. ) ;
#600 = DIRECTION ( 'NONE',  ( 0.000000000000000000, -0.000000000000000000, 1.000000000000000000 ) ) ;
#601 = ORIENTED_EDGE ( 'NONE', *, *, #82, .F. ) ;
#602 = VERTEX_POINT ( 'NONE', #2776 ) ;
#603 = DIRECTION ( 'NONE',  ( -0.08035092970762187925, -0.9967666367285377138, -0.000000000000000000 ) ) ;
#604 = DIRECTION ( 'NONE',  ( 0.000000000000000000, 0.000000000000000000, -1.000000000000000000 ) ) ;
#605 = CARTESIAN_POINT ( 'NONE',  ( 170.1113555409463345, -121.7135498316967244, -3.000000000000000000 ) ) ;
#606 = CONICAL_SURFACE ( 'NONE', #2393, 6.000000019522666150, 0.7853981633974387311 ) ;
#607 = ORIENTED_EDGE ( 'NONE', *, *, #772, .F. ) ;
#608 = EDGE_CURVE ( 'NONE', #2578, #656, #699, .T. ) ;
#609 = CARTESIAN_POINT ( 'NONE',  ( 170.1606789386153480, -118.7110337046811708, 8.200000000000001066 ) ) ;
#610 = AXIS2_PLACEMENT_3D ( 'NONE', #1405, #2331, #1852 ) ;
#611 = LINE ( 'NONE', #1223, #1199 ) ;
#612 = AXIS2_PLACEMENT_3D ( 'NONE', #2356, #258, #2611 ) ;
#613 = FACE_OUTER_BOUND ( 'NONE', #2973, .T. ) ;
#614 = ORIENTED_EDGE ( 'NONE', *, *, #1912, .T. ) ;
#615 = CARTESIAN_POINT ( 'NONE',  ( 123.3910694386153750, -114.7110337319886213, 8.200000000000001066 ) ) ;
#616 = ORIENTED_EDGE ( 'NONE', *, *, #287, .F. ) ;
#617 =( BOUNDED_CURVE ( )  B_SPLINE_CURVE ( 3, ( #45, #2084, #2590, #950 ),
 .UNSPECIFIED., .F., .F. ) 
 B_SPLINE_CURVE_WITH_KNOTS ( ( 4, 4 ),
 ( 1.570796326794896558, 3.141592653589793116 ),
 .UNSPECIFIED. ) 
 CURVE ( )  GEOMETRIC_REPRESENTATION_ITEM ( )  RATIONAL_B_SPLINE_CURVE ( ( 1.000000000000000000, 0.8047378541243649375, 0.8047378541243649375, 1.000000000000000000 ) ) 
 REPRESENTATION_ITEM ( '' )  );
#618 = EDGE_CURVE ( 'NONE', #630, #1318, #1517, .T. ) ;
#619 = ADVANCED_FACE ( 'NONE', ( #230 ), #1152, .T. ) ;
#620 = CARTESIAN_POINT ( 'NONE',  ( 277.5814386974133754, -42.61295804477663296, 3.200000000000000178 ) ) ;
#621 = DIRECTION ( 'NONE',  ( 0.000000000000000000, 0.000000000000000000, -1.000000000000000000 ) ) ;
#622 = DIRECTION ( 'NONE',  ( -0.000000000000000000, -0.000000000000000000, 1.000000000000000000 ) ) ;
#623 = EDGE_CURVE ( 'NONE', #1478, #2435, #1378, .T. ) ;
#624 = VERTEX_POINT ( 'NONE', #941 ) ;
#625 = CARTESIAN_POINT ( 'NONE',  ( 251.7482171383261687, -65.53865051828402954, -2.299999999999999378 ) ) ;
#626 = CIRCLE ( 'NONE', #36, 4.000000023977823282 ) ;
#627 = DIRECTION ( 'NONE',  ( -0.000000000000000000, -0.000000000000000000, 1.000000000000000000 ) ) ;
#628 = ORIENTED_EDGE ( 'NONE', *, *, #2716, .F. ) ;
#629 = FACE_OUTER_BOUND ( 'NONE', #2953, .T. ) ;
#630 = VERTEX_POINT ( 'NONE', #2987 ) ;
#631 = DIRECTION ( 'NONE',  ( -0.000000000000000000, -0.000000000000000000, -1.000000000000000000 ) ) ;
#632 = DIRECTION ( 'NONE',  ( 1.000000000000000000, 0.000000000000000000, 0.000000000000000000 ) ) ;
#633 = CARTESIAN_POINT ( 'NONE',  ( 123.3910694386153750, -118.7110337046811708, 8.200000000000001066 ) ) ;
#634 = CARTESIAN_POINT ( 'NONE',  ( 279.5740346952891855, -70.47828436801889040, 8.200000000000001066 ) ) ;
#635 = ORIENTED_EDGE ( 'NONE', *, *, #1025, .T. ) ;
#636 = CARTESIAN_POINT ( 'NONE',  ( 116.3873857092019506, -114.7015984591215130, 3.199999999999999734 ) ) ;
#637 = ORIENTED_EDGE ( 'NONE', *, *, #1615, .T. ) ;
#638 = DIRECTION ( 'NONE',  ( 0.9999997944112104520, 0.0006412312663307873127, 0.000000000000000000 ) ) ;
#639 = VERTEX_POINT ( 'NONE', #1864 ) ;
#640 = EDGE_CURVE ( 'NONE', #937, #1470, #1178, .T. ) ;
#641 = CYLINDRICAL_SURFACE ( 'NONE', #2100, 6.000000000000060396 ) ;
#642 = DIRECTION ( 'NONE',  ( -0.000000000000000000, -0.000000000000000000, -1.000000000000000000 ) ) ;
#643 = PLANE ( 'NONE',  #118 ) ;
#644 = CARTESIAN_POINT ( 'NONE',  ( 116.5449556521050027, -66.68732009999369836, 3.199999999999997957 ) ) ;
#645 =( BOUNDED_CURVE ( )  B_SPLINE_CURVE ( 3, ( #750, #2404, #2617, #1034 ),
 .UNSPECIFIED., .F., .F. ) 
 B_SPLINE_CURVE_WITH_KNOTS ( ( 4, 4 ),
 ( 4.406111608726317463, 5.976907935521190041 ),
 .UNSPECIFIED. ) 
 CURVE ( )  GEOMETRIC_REPRESENTATION_ITEM ( )  RATIONAL_B_SPLINE_CURVE ( ( 1.000000000000000000, 0.8047378541243705996, 0.8047378541243705996, 1.000000000000000000 ) ) 
 REPRESENTATION_ITEM ( '' )  );
#646 = FACE_OUTER_BOUND ( 'NONE', #1805, .T. ) ;
#647 = CARTESIAN_POINT ( 'NONE',  ( 267.5626038935363340, -118.3332827187243197, -1.000000000000000000 ) ) ;
#648 = EDGE_LOOP ( 'NONE', ( #1463, #2705, #2565, #1647 ) ) ;
#649 = AXIS2_PLACEMENT_3D ( 'NONE', #2781, #707, #472 ) ;
#650 = DIRECTION ( 'NONE',  ( 0.000000000000000000, 0.000000000000000000, 1.000000000000000000 ) ) ;
#651 = VECTOR ( 'NONE', #459, 1000.000000000000000 ) ;
#652 = LINE ( 'NONE', #447, #836 ) ;
#653 = ORIENTED_EDGE ( 'NONE', *, *, #488, .F. ) ;
#654 = DIRECTION ( 'NONE',  ( 0.000000000000000000, 0.000000000000000000, 1.000000000000000000 ) ) ;
#655 = ORIENTED_EDGE ( 'NONE', *, *, #2408, .T. ) ;
#656 = VERTEX_POINT ( 'NONE', #1821 ) ;
#657 = DIRECTION ( 'NONE',  ( -1.000000000000000000, 0.000000000000000000, 0.000000000000000000 ) ) ;
#658 = CARTESIAN_POINT ( 'NONE',  ( -8.707902037735687273, -103.6813246517560998, 8.200000000000001066 ) ) ;
#659 = DIRECTION ( 'NONE',  ( 0.000000000000000000, 0.000000000000000000, 1.000000000000000000 ) ) ;
#660 = CARTESIAN_POINT ( 'NONE',  ( 0.000000000000000000, -124.5110337271994752, 8.200000000000001066 ) ) ;
#661 = DIRECTION ( 'NONE',  ( -0.000000000000000000, 0.000000000000000000, 1.000000000000000000 ) ) ;
#662 = ORIENTED_EDGE ( 'NONE', *, *, #1323, .F. ) ;
#663 =( NAMED_UNIT ( * ) SI_UNIT ( $, .STERADIAN. ) SOLID_ANGLE_UNIT ( ) );
#664 = CIRCLE ( 'NONE', #1431, 4.000000019635269410 ) ;
#665 = VECTOR ( 'NONE', #2945, 999.9999999999998863 ) ;
#666 = DIRECTION ( 'NONE',  ( -0.3162277685630153767, -0.9486832972017879007, 0.000000000000000000 ) ) ;
#667 = VERTEX_POINT ( 'NONE', #913 ) ;
#668 = CARTESIAN_POINT ( 'NONE',  ( 278.3614855999999804, -44.03324640999999673, -1.000000000000000000 ) ) ;
#669 = PLANE ( 'NONE',  #1278 ) ;
#670 = ORIENTED_EDGE ( 'NONE', *, *, #2736, .T. ) ;
#671 = AXIS2_PLACEMENT_3D ( 'NONE', #1020, #1695, #2456 ) ;
#672 = FACE_BOUND ( 'NONE', #2291, .T. ) ;
#673 = PLANE ( 'NONE',  #820 ) ;
#674 = DIRECTION ( 'NONE',  ( 1.000000000000000000, 0.000000000000000000, 0.000000000000000000 ) ) ;
#675 = DIRECTION ( 'NONE',  ( -0.000000000000000000, -0.000000000000000000, -1.000000000000000000 ) ) ;
#676 = AXIS2_PLACEMENT_3D ( 'NONE', #339, #2686, #801 ) ;
#677 = CARTESIAN_POINT ( 'NONE',  ( 253.6847671849627943, -88.20546261256457399, 1.700000000000000178 ) ) ;
#678 = ORIENTED_EDGE ( 'NONE', *, *, #2313, .F. ) ;
#679 = ADVANCED_FACE ( 'NONE', ( #1838 ), #1662, .T. ) ;
#680 = ADVANCED_FACE ( 'NONE', ( #2044 ), #669, .F. ) ;
#681 = DIRECTION ( 'NONE',  ( 0.003205111461036342421, 0.9999948636170700178, 0.000000000000000000 ) ) ;
#682 = CARTESIAN_POINT ( 'NONE',  ( 215.3224282357883510, -122.4970002428605085, 3.200000000000000178 ) ) ;
#683 = ADVANCED_FACE ( 'NONE', ( #2150 ), #549, .F. ) ;
#684 = CIRCLE ( 'NONE', #2600, 6.000000000000019540 ) ;
#685 = ORIENTED_EDGE ( 'NONE', *, *, #2543, .T. ) ;
#686 = CARTESIAN_POINT ( 'NONE',  ( 263.9191609378609087, -122.5110337378194032, 8.200000000000001066 ) ) ;
#687 = ORIENTED_EDGE ( 'NONE', *, *, #1464, .F. ) ;
#688 = DIRECTION ( 'NONE',  ( 1.000000000000000000, 0.000000000000000000, -0.000000000000000000 ) ) ;
#689 = CARTESIAN_POINT ( 'NONE',  ( 261.5626038935362772, -118.3332827187243197, -3.000000000000000000 ) ) ;
#690 = DIRECTION ( 'NONE',  ( 1.000000000000000000, 0.000000000000000000, 0.000000000000000000 ) ) ;
#691 = CONICAL_SURFACE ( 'NONE', #2386, 5.999999977211817104, 0.7853981633974396193 ) ;
#692 = DIRECTION ( 'NONE',  ( -0.000000000000000000, -0.000000000000000000, -1.000000000000000000 ) ) ;
#693 = CARTESIAN_POINT ( 'NONE',  ( 267.7138941009055770, -119.7759449123220463, 3.199999999999999734 ) ) ;
#694 = VERTEX_POINT ( 'NONE', #1259 ) ;
#695 = EDGE_CURVE ( 'NONE', #2624, #2233, #1926, .T. ) ;
#696 = VECTOR ( 'NONE', #791, 1000.000000000000000 ) ;
#697 = CARTESIAN_POINT ( 'NONE',  ( 266.8082244006312180, 0.000000000000000000, -2.299999999999999378 ) ) ;
#698 = ORIENTED_EDGE ( 'NONE', *, *, #2570, .T. ) ;
#699 = LINE ( 'NONE', #2341, #984 ) ;
#700 = ORIENTED_EDGE ( 'NONE', *, *, #1236, .T. ) ;
#701 = DIRECTION ( 'NONE',  ( -0.000000000000000000, -0.000000000000000000, -1.000000000000000000 ) ) ;
#702 = EDGE_CURVE ( 'NONE', #1693, #494, #2166, .T. ) ;
#703 = AXIS2_PLACEMENT_3D ( 'NONE', #2283, #1840, #1385 ) ;
#704 = DIRECTION ( 'NONE',  ( 0.9999948636174723626, -0.003205111335505743484, 0.000000000000000000 ) ) ;
#705 = CARTESIAN_POINT ( 'NONE',  ( 116.3911054158272833, -114.6885980319156175, 7.200000000000000178 ) ) ;
#706 = EDGE_CURVE ( 'NONE', #2998, #1626, #2398, .T. ) ;
#707 = DIRECTION ( 'NONE',  ( 0.000000000000000000, 0.000000000000000000, 1.000000000000000000 ) ) ;
#708 = LINE ( 'NONE', #2096, #1611 ) ;
#709 = ORIENTED_EDGE ( 'NONE', *, *, #1752, .T. ) ;
#710 = ADVANCED_FACE ( 'NONE', ( #1710 ), #2878, .F. ) ;
#711 = CARTESIAN_POINT ( 'NONE',  ( 119.6218653566889287, -42.69629643311085943, 8.200000000000001066 ) ) ;
#712 = ORIENTED_EDGE ( 'NONE', *, *, #1995, .F. ) ;
#713 = AXIS2_PLACEMENT_3D ( 'NONE', #1956, #526, #1028 ) ;
#714 = VECTOR ( 'NONE', #2851, 1000.000000000000000 ) ;
#715 = DIRECTION ( 'NONE',  ( 0.000000000000000000, 0.000000000000000000, 1.000000000000000000 ) ) ;
#716 = ORIENTED_EDGE ( 'NONE', *, *, #2850, .T. ) ;
#717 = FACE_OUTER_BOUND ( 'NONE', #2638, .T. ) ;
#718 = ORIENTED_EDGE ( 'NONE', *, *, #1738, .T. ) ;
#719 = CYLINDRICAL_SURFACE ( 'NONE', #2020, 1.500000000000001332 ) ;
#720 = AXIS2_PLACEMENT_3D ( 'NONE', #2637, #562, #2211 ) ;
#721 = ADVANCED_FACE ( 'NONE', ( #321 ), #2864, .T. ) ;
#722 = CARTESIAN_POINT ( 'NONE',  ( 272.3614855999999804, -44.03324640999999673, -3.000000000000000000 ) ) ;
#723 = DIRECTION ( 'NONE',  ( -0.000000000000000000, -0.000000000000000000, -1.000000000000000000 ) ) ;
#724 = ORIENTED_EDGE ( 'NONE', *, *, #2867, .F. ) ;
#725 = VECTOR ( 'NONE', #2658, 1000.000000000000000 ) ;
#726 = CARTESIAN_POINT ( 'NONE',  ( 215.6497943401918462, -118.5135498406804402, 3.200000000000000178 ) ) ;
#727 = ORIENTED_EDGE ( 'NONE', *, *, #576, .T. ) ;
#728 = LINE ( 'NONE', #1164, #2445 ) ;
#729 = ORIENTED_EDGE ( 'NONE', *, *, #2826, .F. ) ;
#730 = DIRECTION ( 'NONE',  ( 0.000000000000000000, 0.000000000000000000, -1.000000000000000000 ) ) ;
#731 = VERTEX_POINT ( 'NONE', #1697 ) ;
#732 = CARTESIAN_POINT ( 'NONE',  ( 277.5814386974133754, 0.000000000000000000, 8.200000000000001066 ) ) ;
#733 = DIRECTION ( 'NONE',  ( -0.000000000000000000, 0.000000000000000000, -1.000000000000000000 ) ) ;
#734 = LINE ( 'NONE', #1144, #2540 ) ;
#735 = ORIENTED_EDGE ( 'NONE', *, *, #2831, .T. ) ;
#736 = ORIENTED_EDGE ( 'NONE', *, *, #2812, .F. ) ;
#737 = ADVANCED_FACE ( 'NONE', ( #50 ), #1022, .F. ) ;
#738 = DIRECTION ( 'NONE',  ( -1.000000000000000000, 0.000000000000000000, 0.000000000000000000 ) ) ;
#739 = VERTEX_POINT ( 'NONE', #108 ) ;
#740 = VECTOR ( 'NONE', #962, 1000.000000000000000 ) ;
#741 = CARTESIAN_POINT ( 'NONE',  ( 123.6144408248085114, -42.71163295443321317, 8.200000000000001066 ) ) ;
#742 = VECTOR ( 'NONE', #692, 1000.000000000000000 ) ;
#743 = ORIENTED_EDGE ( 'NONE', *, *, #951, .T. ) ;
#744 = DIRECTION ( 'NONE',  ( -0.0004534189767147537545, 0.7071066358133131224, -0.7071067811865546782 ) ) ;
#745 = VERTEX_POINT ( 'NONE', #2415 ) ;
#746 = VECTOR ( 'NONE', #2744, 1000.000000000000000 ) ;
#747 = CARTESIAN_POINT ( 'NONE',  ( 116.6181787714093758, -42.68793919528082625, 3.200000000000000178 ) ) ;
#748 = AXIS2_PLACEMENT_3D ( 'NONE', #2853, #982, #495 ) ;
#749 = DIRECTION ( 'NONE',  ( -1.000000000000000000, 0.000000000000000000, 0.000000000000000000 ) ) ;
#750 = CARTESIAN_POINT ( 'NONE',  ( 279.9944396917125573, -92.40144548877422892, 7.200000000000000178 ) ) ;
#751 = ORIENTED_EDGE ( 'NONE', *, *, #394, .T. ) ;
#752 = DIRECTION ( 'NONE',  ( 1.000000000000000000, 0.000000000000000000, 0.000000000000000000 ) ) ;
#753 = CARTESIAN_POINT ( 'NONE',  ( 116.6144767725748750, -42.68919725652897768, -3.000000000000000000 ) ) ;
#754 = ORIENTED_EDGE ( 'NONE', *, *, #2433, .F. ) ;
#755 = FACE_OUTER_BOUND ( 'NONE', #2877, .T. ) ;
#756 = ORIENTED_EDGE ( 'NONE', *, *, #356, .F. ) ;
#757 = LINE ( 'NONE', #1684, #2639 ) ;
#758 = ORIENTED_EDGE ( 'NONE', *, *, #253, .F. ) ;
#759 = CARTESIAN_POINT ( 'NONE',  ( 118.3584392418325848, -38.03800307759386357, 3.200000000000000178 ) ) ;
#760 = VECTOR ( 'NONE', #2614, 1000.000000000000000 ) ;
#761 = FACE_OUTER_BOUND ( 'NONE', #426, .T. ) ;
#762 = CARTESIAN_POINT ( 'NONE',  ( 273.5740346757665407, -42.61547416727292870, 8.200000000000001066 ) ) ;
#763 = ORIENTED_EDGE ( 'NONE', *, *, #2212, .F. ) ;
#764 = VECTOR ( 'NONE', #1257, 1000.000000000000000 ) ;
#765 = DIRECTION ( 'NONE',  ( 0.000000000000000000, -0.000000000000000000, 1.000000000000000000 ) ) ;
#766 = EDGE_CURVE ( 'NONE', #694, #387, #95, .T. ) ;
#767 = LINE ( 'NONE', #819, #2367 ) ;
#768 = ORIENTED_EDGE ( 'NONE', *, *, #2085, .T. ) ;
#769 = DIRECTION ( 'NONE',  ( -1.000000000000000000, -0.000000000000000000, -0.000000000000000000 ) ) ;
#770 = ORIENTED_EDGE ( 'NONE', *, *, #2854, .T. ) ;
#771 = DIRECTION ( 'NONE',  ( -0.000000000000000000, -0.000000000000000000, -1.000000000000000000 ) ) ;
#772 = EDGE_CURVE ( 'NONE', #1472, #2368, #2836, .T. ) ;
#773 = ORIENTED_EDGE ( 'NONE', *, *, #1690, .T. ) ;
#774 = FACE_OUTER_BOUND ( 'NONE', #401, .T. ) ;
#775 = DIRECTION ( 'NONE',  ( -0.000000000000000000, -0.000000000000000000, 1.000000000000000000 ) ) ;
#776 = DIRECTION ( 'NONE',  ( 0.7071067811865474617, 8.723777158172384144E-10, -0.7071067811865474617 ) ) ;
#777 = ORIENTED_EDGE ( 'NONE', *, *, #2699, .F. ) ;
#778 = CARTESIAN_POINT ( 'NONE',  ( 116.6144767725748608, -42.68919725652897768, 3.200000000000000178 ) ) ;
#779 = CARTESIAN_POINT ( 'NONE',  ( 126.4597671849628000, -88.20546261256457399, 1.700000000000000178 ) ) ;
#780 = VERTEX_POINT ( 'NONE', #564 ) ;
#781 = FACE_OUTER_BOUND ( 'NONE', #976, .T. ) ;
#782 = ORIENTED_EDGE ( 'NONE', *, *, #2423, .F. ) ;
#783 = CARTESIAN_POINT ( 'NONE',  ( 170.1606789386153480, -118.7110337046811708, 3.200000000000000178 ) ) ;
#784 = ORIENTED_EDGE ( 'NONE', *, *, #2962, .T. ) ;
#785 = CARTESIAN_POINT ( 'NONE',  ( 119.0815973007164814, -120.3031246763674034, 3.199999999999999734 ) ) ;
#786 = CARTESIAN_POINT ( 'NONE',  ( 119.3910694659228255, -114.7110337319886213, 8.200000000000001066 ) ) ;
#787 = EDGE_CURVE ( 'NONE', #569, #1130, #2121, .T. ) ;
#788 = VECTOR ( 'NONE', #1017, 1000.000000000000000 ) ;
#789 = CARTESIAN_POINT ( 'NONE',  ( 215.6571983378608763, -118.5110337181841373, 8.200000000000001066 ) ) ;
#790 = EDGE_CURVE ( 'NONE', #2578, #2196, #2794, .T. ) ;
#791 = DIRECTION ( 'NONE',  ( 0.000000000000000000, -1.000000000000000000, 0.000000000000000000 ) ) ;
#792 = AXIS2_PLACEMENT_3D ( 'NONE', #1779, #1073, #1060 ) ;
#793 = ORIENTED_EDGE ( 'NONE', *, *, #1118, .F. ) ;
#794 = VECTOR ( 'NONE', #2838, 1000.000000000000000 ) ;
#795 = EDGE_CURVE ( 'NONE', #2042, #1202, #2557, .T. ) ;
#796 = FACE_OUTER_BOUND ( 'NONE', #316, .T. ) ;
#797 = CARTESIAN_POINT ( 'NONE',  ( 123.6218448224775273, -42.70911683193691033, 8.200000000000001066 ) ) ;
#798 = VERTEX_POINT ( 'NONE', #292 ) ;
#799 = CYLINDRICAL_SURFACE ( 'NONE', #1246, 1.500000000000001332 ) ;
#800 = EDGE_LOOP ( 'NONE', ( #197, #1822, #26, #1712 ) ) ;
#801 = DIRECTION ( 'NONE',  ( -1.000000000000000000, 0.000000000000000000, 0.000000000000000000 ) ) ;
#802 = ADVANCED_FACE ( 'NONE', ( #781 ), #65, .F. ) ;
#803 = ORIENTED_EDGE ( 'NONE', *, *, #1614, .F. ) ;
#804 = CARTESIAN_POINT ( 'NONE',  ( 123.6144408248085114, -42.71163295443321317, 7.200000000000000178 ) ) ;
#805 = CARTESIAN_POINT ( 'NONE',  ( 125.1764707090654554, -44.03324640999999673, -1.000000000000000000 ) ) ;
#806 = ADVANCED_FACE ( 'NONE', ( #755 ), #799, .F. ) ;
#807 = CARTESIAN_POINT ( 'NONE',  ( 263.9117569401918786, -125.5135498496957638, 3.200000000000000178 ) ) ;
#808 = VECTOR ( 'NONE', #1475, 1000.000000000000000 ) ;
#809 = CARTESIAN_POINT ( 'NONE',  ( 277.5814386974133754, -42.61295804477663296, 8.200000000000001066 ) ) ;
#810 = ADVANCED_FACE ( 'NONE', ( #1209 ), #1452, .T. ) ;
#811 = EDGE_CURVE ( 'NONE', #381, #1176, #2162, .T. ) ;
#812 = VECTOR ( 'NONE', #1473, 1000.000000000000114 ) ;
#813 = ORIENTED_EDGE ( 'NONE', *, *, #2212, .T. ) ;
#814 = EDGE_CURVE ( 'NONE', #51, #1084, #2194, .T. ) ;
#815 = AXIS2_PLACEMENT_3D ( 'NONE', #990, #119, #752 ) ;
#816 = CARTESIAN_POINT ( 'NONE',  ( 266.8082244006312180, -67.73842685996903867, 3.200000000000000178 ) ) ;
#817 = ADVANCED_FACE ( 'NONE', ( #2683 ), #2468, .F. ) ;
#818 = VECTOR ( 'NONE', #1510, 1000.000000000000000 ) ;
#819 = CARTESIAN_POINT ( 'NONE',  ( 117.3910694614035606, -114.7110337319886213, 8.200000000000001066 ) ) ;
#820 = AXIS2_PLACEMENT_3D ( 'NONE', #2034, #704, #420 ) ;
#821 = CARTESIAN_POINT ( 'NONE',  ( 131.1764707090654554, -113.4260893411192797, -1.000000000000000000 ) ) ;
#822 = EDGE_LOOP ( 'NONE', ( #583, #520, #2082, #1970 ) ) ;
#823 = PLANE ( 'NONE',  #536 ) ;
#824 = CIRCLE ( 'NONE', #2229, 1.500000000000001332 ) ;
#825 = ORIENTED_EDGE ( 'NONE', *, *, #2390, .T. ) ;
#826 = ADVANCED_FACE ( 'NONE', ( #2258 ), #1760, .T. ) ;
#827 = FACE_OUTER_BOUND ( 'NONE', #2361, .T. ) ;
#828 = DIRECTION ( 'NONE',  ( 0.0006412312659031846980, -0.9999997944112106740, 0.000000000000000000 ) ) ;
#829 = DIRECTION ( 'NONE',  ( -0.000000000000000000, -0.000000000000000000, -1.000000000000000000 ) ) ;
#830 = EDGE_LOOP ( 'NONE', ( #2458, #1486 ) ) ;
#831 = CONICAL_SURFACE ( 'NONE', #1598, 6.000000006650282991, 0.7853981633974400633 ) ;
#832 = PLANE ( 'NONE',  #2464 ) ;
#833 = DIRECTION ( 'NONE',  ( -0.000000000000000000, 0.000000000000000000, 1.000000000000000000 ) ) ;
#834 = ADVANCED_FACE ( 'NONE', ( #613 ), #691, .T. ) ;
#835 = EDGE_CURVE ( 'NONE', #1245, #2467, #304, .T. ) ;
#836 = VECTOR ( 'NONE', #1365, 1000.000000000000227 ) ;
#837 = FACE_OUTER_BOUND ( 'NONE', #2863, .T. ) ;
#838 = ORIENTED_EDGE ( 'NONE', *, *, #1657, .T. ) ;
#839 = PLANE ( 'NONE',  #1666 ) ;
#840 = ORIENTED_EDGE ( 'NONE', *, *, #1757, .T. ) ;
#841 = EDGE_CURVE ( 'NONE', #1419, #1354, #2952, .T. ) ;
#842 = CYLINDRICAL_SURFACE ( 'NONE', #2201, 7.000000000000006217 ) ;
#843 = DIRECTION ( 'NONE',  ( -0.000000000000000000, -0.000000000000000000, -1.000000000000000000 ) ) ;
#844 = FACE_OUTER_BOUND ( 'NONE', #2834, .T. ) ;
#845 = VECTOR ( 'NONE', #329, 1000.000000000000114 ) ;
#846 = ORIENTED_EDGE ( 'NONE', *, *, #766, .F. ) ;
#847 = CARTESIAN_POINT ( 'NONE',  ( 123.6105935560956226, -36.71163418123942535, 8.200000000000001066 ) ) ;
#848 = AXIS2_PLACEMENT_3D ( 'NONE', #465, #2315, #2299 ) ;
#849 = VECTOR ( 'NONE', #1228, 1000.000000000000000 ) ;
#850 = EDGE_CURVE ( 'NONE', #111, #1472, #2457, .T. ) ;
#851 = CARTESIAN_POINT ( 'NONE',  ( 270.5525399578889392, -120.7271444177832365, 3.200000000000000178 ) ) ;
#852 = ORIENTED_EDGE ( 'NONE', *, *, #2940, .F. ) ;
#853 = CARTESIAN_POINT ( 'NONE',  ( 273.5814386734355139, -42.61295804477663296, 8.200000000000001066 ) ) ;
#854 = ORIENTED_EDGE ( 'NONE', *, *, #590, .T. ) ;
#855 = DIRECTION ( 'NONE',  ( -0.000000000000000000, -0.000000000000000000, -1.000000000000000000 ) ) ;
#856 = CARTESIAN_POINT ( 'NONE',  ( 116.6144767725748608, -42.68919725652897768, -3.000000000000000000 ) ) ;
#857 = CARTESIAN_POINT ( 'NONE',  ( 125.1764707090654554, -44.03324640999999673, -1.000000000000000000 ) ) ;
#858 = VERTEX_POINT ( 'NONE', #1097 ) ;
#859 = CARTESIAN_POINT ( 'NONE',  ( 263.9154589390263368, -125.5122917884476124, 3.200000000000000178 ) ) ;
#860 = ORIENTED_EDGE ( 'NONE', *, *, #2288, .T. ) ;
#861 = AXIS2_PLACEMENT_3D ( 'NONE', #968, #538, #2815 ) ;
#862 = AXIS2_PLACEMENT_3D ( 'NONE', #778, #1706, #1740 ) ;
#863 = EDGE_CURVE ( 'NONE', #532, #2243, #1539, .T. ) ;
#864 = LINE ( 'NONE', #1789, #13 ) ;
#865 = ORIENTED_EDGE ( 'NONE', *, *, #1784, .F. ) ;
#866 = DIRECTION ( 'NONE',  ( -1.000000000000000000, 0.000000000000000000, -0.000000000000000000 ) ) ;
#867 = ORIENTED_EDGE ( 'NONE', *, *, #2921, .F. ) ;
#868 = DIRECTION ( 'NONE',  ( -0.9965364611537873563, 0.08315696958815863016, 0.000000000000000000 ) ) ;
#869 = VERTEX_POINT ( 'NONE', #368 ) ;
#870 = CARTESIAN_POINT ( 'NONE',  ( 116.3836654634783088, -114.7135498544849241, -3.000000000000000000 ) ) ;
#871 = CARTESIAN_POINT ( 'NONE',  ( 123.3910694386153750, -118.7110337046811708, 8.200000000000001066 ) ) ;
#872 = DIRECTION ( 'NONE',  ( 0.000000000000000000, 0.000000000000000000, -1.000000000000000000 ) ) ;
#873 = FACE_OUTER_BOUND ( 'NONE', #1687, .T. ) ;
#874 = ORIENTED_EDGE ( 'NONE', *, *, #2981, .T. ) ;
#875 = DIRECTION ( 'NONE',  ( 0.000000000000000000, 0.000000000000000000, 1.000000000000000000 ) ) ;
#876 = CARTESIAN_POINT ( 'NONE',  ( 123.3910694386153750, -114.7110337319886213, 8.200000000000001066 ) ) ;
#877 = EDGE_LOOP ( 'NONE', ( #1748, #751, #1384, #2935, #983, #1151, #1550, #1675, #2925, #1656, #1555, #1893, #492, #1649, #854, #338, #398, #1916, #308, #2622, #1316, #756, #1439, #1776, #2618, #914, #2189, #1483, #1892, #1960, #1027 ) ) ;
#878 = CARTESIAN_POINT ( 'NONE',  ( 263.9191609378609087, -122.5110337378194032, 8.200000000000001066 ) ) ;
#879 = ORIENTED_EDGE ( 'NONE', *, *, #1212, .F. ) ;
#880 = ORIENTED_EDGE ( 'NONE', *, *, #1414, .F. ) ;
#881 = CARTESIAN_POINT ( 'NONE',  ( 119.3910900113080089, -114.6982133319011012, 8.200000000000001066 ) ) ;
#882 = FACE_OUTER_BOUND ( 'NONE', #2482, .T. ) ;
#883 = CYLINDRICAL_SURFACE ( 'NONE', #1413, 1.000000000000000000 ) ;
#884 = CARTESIAN_POINT ( 'NONE',  ( 0.000000000000000000, -122.5110337378194032, 3.200000000000000178 ) ) ;
#885 = ADVANCED_FACE ( 'NONE', ( #400 ), #2213, .F. ) ;
#886 = CARTESIAN_POINT ( 'NONE',  ( 215.0676486397808560, -125.4877331704485925, 3.200000000000000178 ) ) ;
#887 = CARTESIAN_POINT ( 'NONE',  ( 182.7090827223657641, -65.53865051828402954, -2.299999999999999378 ) ) ;
#888 = ORIENTED_EDGE ( 'NONE', *, *, #1870, .F. ) ;
#889 = COLOUR_RGB ( '',0.7921568627450980005, 0.8196078431372548767, 0.9333333333333333481 ) ;
#890 = EDGE_CURVE ( 'NONE', #111, #1130, #350, .T. ) ;
#891 = CARTESIAN_POINT ( 'NONE',  ( 124.9597671849628142, -88.20546261256457399, 1.700000000000000178 ) ) ;
#892 = PLANE ( 'NONE',  #2476 ) ;
#893 = AXIS2_PLACEMENT_3D ( 'NONE', #156, #1041, #1513 ) ;
#894 = ORIENTED_EDGE ( 'NONE', *, *, #364, .T. ) ;
#895 = DIRECTION ( 'NONE',  ( 0.000000000000000000, 0.000000000000000000, -1.000000000000000000 ) ) ;
#896 = LINE ( 'NONE', #1632, #1230 ) ;
#897 = EDGE_CURVE ( 'NONE', #2687, #923, #2894, .T. ) ;
#898 = VERTEX_POINT ( 'NONE', #154 ) ;
#899 = CARTESIAN_POINT ( 'NONE',  ( 273.5695461248292872, -35.61547558682823222, 3.200000000000000178 ) ) ;
#900 = CARTESIAN_POINT ( 'NONE',  ( 116.3910694614035748, -114.7110337319886213, 7.200000000000000178 ) ) ;
#901 = PLANE ( 'NONE',  #281 ) ;
#902 = EDGE_CURVE ( 'NONE', #1326, #2467, #2479, .T. ) ;
#903 = DIRECTION ( 'NONE',  ( -1.000000000000000000, 0.000000000000000000, 0.000000000000000000 ) ) ;
#904 = ORIENTED_EDGE ( 'NONE', *, *, #1898, .T. ) ;
#905 = EDGE_CURVE ( 'NONE', #869, #1354, #1069, .T. ) ;
#906 = ADVANCED_FACE ( 'NONE', ( #837 ), #2922, .F. ) ;
#907 = AXIS2_PLACEMENT_3D ( 'NONE', #2630, #828, #1989 ) ;
#908 = CIRCLE ( 'NONE', #233, 4.000000023977823282 ) ;
#909 = DIRECTION ( 'NONE',  ( 1.000000000000000000, 0.000000000000000000, 0.000000000000000000 ) ) ;
#910 = DIRECTION ( 'NONE',  ( -1.000000000000000000, 0.000000000000000000, 0.000000000000000000 ) ) ;
#911 = AXIS2_PLACEMENT_3D ( 'NONE', #2441, #2933, #1832 ) ;
#912 = EDGE_LOOP ( 'NONE', ( #2426, #2496 ) ) ;
#913 = CARTESIAN_POINT ( 'NONE',  ( 255.1847671849627943, -88.20546261256457399, 3.200000000000000178 ) ) ;
#914 = ORIENTED_EDGE ( 'NONE', *, *, #2981, .F. ) ;
#915 = VECTOR ( 'NONE', #1993, 1000.000000000000000 ) ;
#916 = DIRECTION ( 'NONE',  ( 1.000000000000000000, 0.000000000000000000, 0.000000000000000000 ) ) ;
#917 = CARTESIAN_POINT ( 'NONE',  ( 119.1764707090654412, -44.03324640999999673, -1.000000000000000000 ) ) ;
#918 = EDGE_CURVE ( 'NONE', #1221, #869, #864, .T. ) ;
#919 = DIRECTION ( 'NONE',  ( -0.000000000000000000, 0.000000000000000000, 1.000000000000000000 ) ) ;
#920 = CARTESIAN_POINT ( 'NONE',  ( 273.5740346757665407, -42.61547416727292870, -3.000000000000000000 ) ) ;
#921 = VECTOR ( 'NONE', #432, 1000.000000000000000 ) ;
#922 = DIRECTION ( 'NONE',  ( 0.000000000000000000, 0.000000000000000000, 1.000000000000000000 ) ) ;
#923 = VERTEX_POINT ( 'NONE', #636 ) ;
#924 = ADVANCED_FACE ( 'NONE', ( #1552 ), #212, .T. ) ;
#925 = DIRECTION ( 'NONE',  ( 1.000000000000000000, 0.000000000000000000, 0.000000000000000000 ) ) ;
#926 = ADVANCED_FACE ( 'NONE', ( #1114 ), #892, .F. ) ;
#927 = ORIENTED_EDGE ( 'NONE', *, *, #2940, .T. ) ;
#928 = DIRECTION ( 'NONE',  ( -0.000000000000000000, -0.000000000000000000, -1.000000000000000000 ) ) ;
#929 = EDGE_LOOP ( 'NONE', ( #607, #1271, #306, #48, #2381, #709, #2272, #1357 ) ) ;
#930 = DIRECTION ( 'NONE',  ( 0.003205111461036341987, 0.9999948636170699068, 0.000000000000000000 ) ) ;
#931 = EDGE_CURVE ( 'NONE', #745, #1754, #652, .T. ) ;
#932 = CARTESIAN_POINT ( 'NONE',  ( 123.6192799224847079, -38.70911764310645253, 8.200000000000001066 ) ) ;
#933 = DIRECTION ( 'NONE',  ( -1.000000000000000000, 0.000000000000000000, -0.000000000000000000 ) ) ;
#934 = VECTOR ( 'NONE', #2934, 1000.000000000000000 ) ;
#935 = CARTESIAN_POINT ( 'NONE',  ( 240.9347671849628227, -44.50546261256457825, 3.200000000000000178 ) ) ;
#936 = CYLINDRICAL_SURFACE ( 'NONE', #359, 4.000000010619952917 ) ;
#937 = VERTEX_POINT ( 'NONE', #1584 ) ;
#938 = AXIS2_PLACEMENT_3D ( 'NONE', #2872, #1932, #2142 ) ;
#939 = CARTESIAN_POINT ( 'NONE',  ( 280.4836468882558052, -90.64799262664348589, -3.000000000000000000 ) ) ;
#940 = VERTEX_POINT ( 'NONE', #2294 ) ;
#941 = CARTESIAN_POINT ( 'NONE',  ( 280.4836468882558052, -90.64799262664348589, -3.000000000000000000 ) ) ;
#942 = EDGE_LOOP ( 'NONE', ( #865, #1920, #403, #978, #1604, #2153, #2053, #1853 ) ) ;
#943 = LINE ( 'NONE', #2568, #560 ) ;
#944 = AXIS2_PLACEMENT_3D ( 'NONE', #1420, #1194, #2343 ) ;
#945 = ORIENTED_EDGE ( 'NONE', *, *, #279, .F. ) ;
#946 = DIRECTION ( 'NONE',  ( -0.000000000000000000, 0.000000000000000000, 1.000000000000000000 ) ) ;
#947 = CARTESIAN_POINT ( 'NONE',  ( 276.8387273237221962, -93.40144548877422892, 8.200000000000001066 ) ) ;
#948 = CARTESIAN_POINT ( 'NONE',  ( 170.1606784812031492, -120.7110337046811139, 8.200000000000001066 ) ) ;
#949 = EDGE_LOOP ( 'NONE', ( #2137, #2672, #2923, #244 ) ) ;
#950 = CARTESIAN_POINT ( 'NONE',  ( 276.8387273237221962, -92.40144548877422892, 7.200000000000001066 ) ) ;
#951 = EDGE_CURVE ( 'NONE', #2687, #2007, #1568, .T. ) ;
#952 = ORIENTED_EDGE ( 'NONE', *, *, #253, .T. ) ;
#953 = CIRCLE ( 'NONE', #713, 6.999999977211804669 ) ;
#954 = DIRECTION ( 'NONE',  ( 0.000000000000000000, 0.000000000000000000, -1.000000000000000000 ) ) ;
#955 = ORIENTED_EDGE ( 'NONE', *, *, #2740, .T. ) ;
#956 = DIRECTION ( 'NONE',  ( -0.000000000000000000, -0.000000000000000000, -1.000000000000000000 ) ) ;
#957 = CIRCLE ( 'NONE', #2655, 1.500000000000001332 ) ;
#958 = ORIENTED_EDGE ( 'NONE', *, *, #594, .T. ) ;
#959 = FACE_OUTER_BOUND ( 'NONE', #2986, .T. ) ;
#960 = VECTOR ( 'NONE', #1923, 1000.000000000000000 ) ;
#961 = CYLINDRICAL_SURFACE ( 'NONE', #1455, 6.000000000000019540 ) ;
#962 = DIRECTION ( 'NONE',  ( 1.000000000000000000, 0.000000000000000000, 0.000000000000000000 ) ) ;
#963 = VERTEX_POINT ( 'NONE', #2041 ) ;
#964 = EDGE_LOOP ( 'NONE', ( #1896, #372, #2753, #2282 ) ) ;
#965 = AXIS2_PLACEMENT_3D ( 'NONE', #2563, #1392, #925 ) ;
#966 = CARTESIAN_POINT ( 'NONE',  ( 123.3910694386153750, -121.7110337092004357, 7.200000000000000178 ) ) ;
#967 = ORIENTED_EDGE ( 'NONE', *, *, #165, .T. ) ;
#968 = CARTESIAN_POINT ( 'NONE',  ( 215.6571983378608763, -118.5110337181841373, 7.200000000000000178 ) ) ;
#969 = ORIENTED_EDGE ( 'NONE', *, *, #399, .T. ) ;
#970 = DIRECTION ( 'NONE',  ( -0.000000000000000000, -0.000000000000000000, -1.000000000000000000 ) ) ;
#971 = VECTOR ( 'NONE', #2155, 1000.000000000000114 ) ;
#972 = VERTEX_POINT ( 'NONE', #1133 ) ;
#973 = FACE_OUTER_BOUND ( 'NONE', #2547, .T. ) ;
#974 = LINE ( 'NONE', #1903, #971 ) ;
#975 = LINE ( 'NONE', #1002, #1131 ) ;
#976 = EDGE_LOOP ( 'NONE', ( #2276, #2818, #213, #1858 ) ) ;
#977 = CARTESIAN_POINT ( 'NONE',  ( 251.7482171383261687, -67.73842685996903867, 3.200000000000000178 ) ) ;
#978 = ORIENTED_EDGE ( 'NONE', *, *, #2103, .F. ) ;
#979 = VECTOR ( 'NONE', #473, 1000.000000000000114 ) ;
#980 = DIRECTION ( 'NONE',  ( -0.000000000000000000, -0.000000000000000000, -1.000000000000000000 ) ) ;
#981 = ORIENTED_EDGE ( 'NONE', *, *, #695, .T. ) ;
#982 = DIRECTION ( 'NONE',  ( 0.000000000000000000, 1.000000000000000000, 0.000000000000000000 ) ) ;
#983 = ORIENTED_EDGE ( 'NONE', *, *, #408, .T. ) ;
#984 = VECTOR ( 'NONE', #2788, 1000.000000000000000 ) ;
#985 = CARTESIAN_POINT ( 'NONE',  ( 120.0334489307536217, -36.65550989585027963, 3.200000000000000178 ) ) ;
#986 = CARTESIAN_POINT ( 'NONE',  ( 125.1764707090654554, -44.03324640999999673, -1.000000000000000000 ) ) ;
#987 = CARTESIAN_POINT ( 'NONE',  ( 276.8752879905741224, -92.29176348919965278, 4.159359701202597570 ) ) ;
#988 = ADVANCED_FACE ( 'NONE', ( #2311 ), #1834, .F. ) ;
#989 = ORIENTED_EDGE ( 'NONE', *, *, #2850, .F. ) ;
#990 = CARTESIAN_POINT ( 'NONE',  ( 253.6847671849627943, -88.20546261256457399, 3.200000000000000178 ) ) ;
#991 = EDGE_CURVE ( 'NONE', #1579, #507, #1992, .T. ) ;
#992 = CARTESIAN_POINT ( 'NONE',  ( 123.6099523248292797, -35.71163438682823710, 3.200000000000000178 ) ) ;
#993 = ORIENTED_EDGE ( 'NONE', *, *, #2543, .F. ) ;
#994 = DIRECTION ( 'NONE',  ( 0.000000000000000000, -0.000000000000000000, 1.000000000000000000 ) ) ;
#995 = ORIENTED_EDGE ( 'NONE', *, *, #2918, .F. ) ;
#996 = PLANE ( 'NONE',  #944 ) ;
#997 = VERTEX_POINT ( 'NONE', #1348 ) ;
#998 = VECTOR ( 'NONE', #337, 1000.000000000000000 ) ;
#999 = DIRECTION ( 'NONE',  ( -0.05917955018433151276, -0.7046259864921170513, 0.7071067811865411334 ) ) ;
#1000 = VECTOR ( 'NONE', #1545, 1000.000000000000000 ) ;
#1001 = CARTESIAN_POINT ( 'NONE',  ( 116.7574976122444497, -0.3742227159100980360, 8.200000000000001066 ) ) ;
#1002 = CARTESIAN_POINT ( 'NONE',  ( 116.3837014181582816, -114.6911141544119062, 3.200000000000000178 ) ) ;
#1003 = ORIENTED_EDGE ( 'NONE', *, *, #1137, .T. ) ;
#1004 = LINE ( 'NONE', #318, #2322 ) ;
#1005 = LINE ( 'NONE', #1936, #2269 ) ;
#1006 = ORIENTED_EDGE ( 'NONE', *, *, #2531, .F. ) ;
#1007 = EDGE_CURVE ( 'NONE', #1115, #2512, #1599, .T. ) ;
#1008 = CARTESIAN_POINT ( 'NONE',  ( 266.8082244006312180, 0.000000000000000000, -2.299999999999999378 ) ) ;
#1009 = ORIENTED_EDGE ( 'NONE', *, *, #2191, .T. ) ;
#1010 = CYLINDRICAL_SURFACE ( 'NONE', #77, 1.499999999999987566 ) ;
#1011 = EDGE_CURVE ( 'NONE', #1792, #238, #514, .T. ) ;
#1012 = VERTEX_POINT ( 'NONE', #2220 ) ;
#1013 = PLANE ( 'NONE',  #2409 ) ;
#1014 = LINE ( 'NONE', #570, #1715 ) ;
#1015 = ADVANCED_FACE ( 'NONE', ( #1044 ), #842, .T. ) ;
#1016 = DIRECTION ( 'NONE',  ( -0.000000000000000000, 0.000000000000000000, 1.000000000000000000 ) ) ;
#1017 = DIRECTION ( 'NONE',  ( -0.000000000000000000, -0.000000000000000000, -1.000000000000000000 ) ) ;
#1018 = EDGE_LOOP ( 'NONE', ( #1965, #2148, #1747, #1395 ) ) ;
#1019 = DIRECTION ( 'NONE',  ( -0.08035092970762187925, -0.9967666367285377138, -0.000000000000000000 ) ) ;
#1020 = CARTESIAN_POINT ( 'NONE',  ( 279.5740346952891855, 0.000000000000000000, 8.200000000000001066 ) ) ;
#1021 = VERTEX_POINT ( 'NONE', #127 ) ;
#1022 = CYLINDRICAL_SURFACE ( 'NONE', #90, 6.000000000000005329 ) ;
#1023 = ORIENTED_EDGE ( 'NONE', *, *, #1464, .T. ) ;
#1024 = DIRECTION ( 'NONE',  ( 1.000000000000000000, 0.000000000000000000, 0.000000000000000000 ) ) ;
#1025 = EDGE_CURVE ( 'NONE', #2435, #1478, #2588, .T. ) ;
#1026 = PRODUCT_RELATED_PRODUCT_CATEGORY ( 'part', '', ( #2118 ) ) ;
#1027 = ORIENTED_EDGE ( 'NONE', *, *, #2648, .F. ) ;
#1028 = DIRECTION ( 'NONE',  ( 1.000000000000000000, 0.000000000000000000, 0.000000000000000000 ) ) ;
#1029 = CIRCLE ( 'NONE', #1809, 1.500000000000001332 ) ;
#1030 = EDGE_CURVE ( 'NONE', #656, #125, #1291, .T. ) ;
#1031 = CARTESIAN_POINT ( 'NONE',  ( 170.1187595386153646, -120.7110337092004499, 8.200000000000001066 ) ) ;
#1032 = EDGE_CURVE ( 'NONE', #257, #624, #1943, .T. ) ;
#1033 = CARTESIAN_POINT ( 'NONE',  ( 270.5525399578889392, -120.7271444177832223, 7.200000000000000178 ) ) ;
#1034 = CARTESIAN_POINT ( 'NONE',  ( 278.6070138007695505, -93.40144548877421471, 8.200000000000001066 ) ) ;
#1035 = AXIS2_PLACEMENT_3D ( 'NONE', #1379, #227, #2721 ) ;
#1036 = ORIENTED_EDGE ( 'NONE', *, *, #1898, .F. ) ;
#1037 = CARTESIAN_POINT ( 'NONE',  ( 215.6571983378609048, -122.5110337378194032, 8.200000000000001066 ) ) ;
#1038 = CARTESIAN_POINT ( 'NONE',  ( 280.4836468882558052, -90.64799262664348589, -3.000000000000000000 ) ) ;
#1039 = CARTESIAN_POINT ( 'NONE',  ( 123.3910694386153750, -114.7110337319886213, 8.200000000000001066 ) ) ;
#1040 = ORIENTED_EDGE ( 'NONE', *, *, #841, .F. ) ;
#1041 = DIRECTION ( 'NONE',  ( 0.000000000000000000, 0.000000000000000000, -1.000000000000000000 ) ) ;
#1042 = ORIENTED_EDGE ( 'NONE', *, *, #1565, .F. ) ;
#1043 = ORIENTED_EDGE ( 'NONE', *, *, #269, .F. ) ;
#1044 = FACE_OUTER_BOUND ( 'NONE', #2461, .T. ) ;
#1045 = LINE ( 'NONE', #2915, #1293 ) ;
#1046 = VECTOR ( 'NONE', #1973, 1000.000000000000000 ) ;
#1047 = CYLINDRICAL_SURFACE ( 'NONE', #528, 4.000000011169540848 ) ;
#1048 = VECTOR ( 'NONE', #2208, 1000.000000000000000 ) ;
#1049 = ORIENTED_EDGE ( 'NONE', *, *, #1077, .F. ) ;
#1050 = EDGE_CURVE ( 'NONE', #1326, #972, #2351, .T. ) ;
#1051 = DIRECTION ( 'NONE',  ( 0.000000000000000000, -0.000000000000000000, 1.000000000000000000 ) ) ;
#1052 = CIRCLE ( 'NONE', #189, 1.500000000000001332 ) ;
#1053 = LINE ( 'NONE', #1948, #2072 ) ;
#1054 = CARTESIAN_POINT ( 'NONE',  ( 124.9597671849628142, -88.20546261256457399, 1.700000000000000178 ) ) ;
#1055 = VERTEX_POINT ( 'NONE', #786 ) ;
#1056 = DIRECTION ( 'NONE',  ( -0.9964916264976642069, 0.08369252248582007003, 0.000000000000000000 ) ) ;
#1057 = AXIS2_PLACEMENT_3D ( 'NONE', #1861, #2101, #2 ) ;
#1058 = VERTEX_POINT ( 'NONE', #159 ) ;
#1059 = ORIENTED_EDGE ( 'NONE', *, *, #1524, .T. ) ;
#1060 = DIRECTION ( 'NONE',  ( -1.000000000000000000, 0.000000000000000000, 0.000000000000000000 ) ) ;
#1061 = LINE ( 'NONE', #2207, #1046 ) ;
#1062 = CARTESIAN_POINT ( 'NONE',  ( 176.1647671849628125, -101.5054626125645996, 1.700000000000000178 ) ) ;
#1063 = ORIENTED_EDGE ( 'NONE', *, *, #702, .T. ) ;
#1064 = AXIS2_PLACEMENT_3D ( 'NONE', #2095, #733, #485 ) ;
#1065 = PRODUCT_DEFINITION ( 'UNKNOWN', '', #1296, #478 ) ;
#1066 = LINE ( 'NONE', #887, #915 ) ;
#1067 = DIRECTION ( 'NONE',  ( -0.000000000000000000, -0.000000000000000000, -1.000000000000000000 ) ) ;
#1068 = AXIS2_PLACEMENT_3D ( 'NONE', #876, #2244, #1499 ) ;
#1069 = LINE ( 'NONE', #1744, #2086 ) ;
#1070 = EDGE_LOOP ( 'NONE', ( #1076, #1914, #61, #1171 ) ) ;
#1071 = LINE ( 'NONE', #323, #1256 ) ;
#1072 = EDGE_LOOP ( 'NONE', ( #204, #2675, #2218, #1059 ) ) ;
#1073 = DIRECTION ( 'NONE',  ( 0.000000000000000000, 0.000000000000000000, -1.000000000000000000 ) ) ;
#1074 = CARTESIAN_POINT ( 'NONE',  ( 131.1764707090654554, -44.03324640999999673, -1.000000000000000000 ) ) ;
#1075 = FACE_OUTER_BOUND ( 'NONE', #1514, .T. ) ;
#1076 = ORIENTED_EDGE ( 'NONE', *, *, #2083, .F. ) ;
#1077 = EDGE_CURVE ( 'NONE', #1799, #694, #2729, .T. ) ;
#1078 = EDGE_CURVE ( 'NONE', #1318, #1610, #1177, .T. ) ;
#1079 = CARTESIAN_POINT ( 'NONE',  ( 123.3910694386153750, -114.7110337319886213, 3.200000000000000178 ) ) ;
#1080 = VERTEX_POINT ( 'NONE', #620 ) ;
#1081 = VECTOR ( 'NONE', #2524, 1000.000000000000000 ) ;
#1082 = EDGE_CURVE ( 'NONE', #1610, #2387, #2700, .T. ) ;
#1083 = DIRECTION ( 'NONE',  ( -1.000000000000000000, 0.000000000000000000, 0.000000000000000000 ) ) ;
#1084 = VERTEX_POINT ( 'NONE', #1717 ) ;
#1085 = LINE ( 'NONE', #228, #1841 ) ;
#1086 = ORIENTED_EDGE ( 'NONE', *, *, #1847, .F. ) ;
#1087 = DIRECTION ( 'NONE',  ( 0.000000000000000000, 0.000000000000000000, 1.000000000000000000 ) ) ;
#1088 = DIRECTION ( 'NONE',  ( 0.08369252124256923442, 0.9964916266020814595, -0.000000000000000000 ) ) ;
#1089 = FILL_AREA_STYLE ('',( #176 ) ) ;
#1090 = FACE_OUTER_BOUND ( 'NONE', #2259, .T. ) ;
#1091 = CARTESIAN_POINT ( 'NONE',  ( 237.9347671849628227, -44.50546261256457825, 1.700000000000000178 ) ) ;
#1092 = CIRCLE ( 'NONE', #2503, 1.499999999999987566 ) ;
#1093 = DIRECTION ( 'NONE',  ( -0.000000000000000000, -0.000000000000000000, -1.000000000000000000 ) ) ;
#1094 = ORIENTED_EDGE ( 'NONE', *, *, #1672, .T. ) ;
#1095 = AXIS2_PLACEMENT_3D ( 'NONE', #273, #2592, #1469 ) ;
#1096 = AXIS2_PLACEMENT_3D ( 'NONE', #726, #289, #2575 ) ;
#1097 = CARTESIAN_POINT ( 'NONE',  ( 278.3614855999999804, -44.03324640999999673, -1.000000000000000000 ) ) ;
#1098 = ORIENTED_EDGE ( 'NONE', *, *, #385, .F. ) ;
#1099 = LINE ( 'NONE', #2030, #2800 ) ;
#1100 = ORIENTED_EDGE ( 'NONE', *, *, #33, .F. ) ;
#1101 = EDGE_CURVE ( 'NONE', #1084, #532, #1281, .T. ) ;
#1102 = CARTESIAN_POINT ( 'NONE',  ( 280.2148177401918474, -91.74031134969573031, 0.000000000000000000 ) ) ;
#1103 = AXIS2_PLACEMENT_3D ( 'NONE', #1600, #2985, #2058 ) ;
#1104 = LINE ( 'NONE', #2976, #1 ) ;
#1105 = DIRECTION ( 'NONE',  ( -0.000000000000000000, -0.000000000000000000, -1.000000000000000000 ) ) ;
#1106 = CARTESIAN_POINT ( 'NONE',  ( 117.3911002794443306, -114.6918031433766458, 8.200000000000001066 ) ) ;
#1107 = ADVANCED_FACE ( 'NONE', ( #1531 ), #2870, .F. ) ;
#1108 = FACE_OUTER_BOUND ( 'NONE', #2518, .T. ) ;
#1109 = CARTESIAN_POINT ( 'NONE',  ( 123.4597671849628142, -88.20546261256457399, 3.200000000000000178 ) ) ;
#1110 = ORIENTED_EDGE ( 'NONE', *, *, #2634, .T. ) ;
#1111 = B_SPLINE_CURVE_WITH_KNOTS ( 'NONE', 3,
 ( #2714, #644, #2222, #1810 ),
 .UNSPECIFIED., .F., .F.,
 ( 4, 4 ),
 ( 0.000000000000000000, 1.000000000000000000 ),
 .UNSPECIFIED. ) ;
#1112 = CARTESIAN_POINT ( 'NONE',  ( 215.3224282357883510, -122.4970002428605085, 8.200000000000001066 ) ) ;
#1113 = EDGE_CURVE ( 'NONE', #2093, #2633, #1549, .T. ) ;
#1114 = FACE_OUTER_BOUND ( 'NONE', #295, .T. ) ;
#1115 = VERTEX_POINT ( 'NONE', #1733 ) ;
#1116 = CARTESIAN_POINT ( 'NONE',  ( 125.1764707090654554, -113.4260893411192797, -1.000000000000000000 ) ) ;
#1117 = EDGE_LOOP ( 'NONE', ( #2905, #2938 ) ) ;
#1118 = EDGE_CURVE ( 'NONE', #387, #2708, #2236, .T. ) ;
#1119 = CARTESIAN_POINT ( 'NONE',  ( 182.7090827223657641, 0.000000000000000000, 3.200000000000000178 ) ) ;
#1120 = ORIENTED_EDGE ( 'NONE', *, *, #2307, .F. ) ;
#1121 = CARTESIAN_POINT ( 'NONE',  ( 261.5626038935362772, -118.3332827187243197, -1.000000000000000000 ) ) ;
#1122 = ADVANCED_FACE ( 'NONE', ( #827 ), #1490, .T. ) ;
#1123 = EDGE_CURVE ( 'NONE', #972, #1245, #1014, .T. ) ;
#1124 = CARTESIAN_POINT ( 'NONE',  ( 124.9597671849628142, -88.20546261256457399, 3.200000000000000178 ) ) ;
#1125 = DIRECTION ( 'NONE',  ( -0.000000000000000000, -0.000000000000000000, 1.000000000000000000 ) ) ;
#1126 = EDGE_CURVE ( 'NONE', #1253, #2610, #1282, .T. ) ;
#1127 = ADVANCED_FACE ( 'NONE', ( #588 ), #1505, .T. ) ;
#1128 = DIRECTION ( 'NONE',  ( 1.000000000000000000, 0.000000000000000000, 0.000000000000000000 ) ) ;
#1129 = CARTESIAN_POINT ( 'NONE',  ( 119.3910694659228255, -114.7110337319886213, 8.200000000000001066 ) ) ;
#1130 = VERTEX_POINT ( 'NONE', #2033 ) ;
#1131 = VECTOR ( 'NONE', #1674, 1000.000000000000000 ) ;
#1132 = APPLICATION_PROTOCOL_DEFINITION ( 'draft international standard', 'automotive_design', 1998, #1811 ) ;
#1133 = CARTESIAN_POINT ( 'NONE',  ( 119.1764707090654554, -113.4260893411192797, -1.000000000000000000 ) ) ;
#1134 = AXIS2_PLACEMENT_3D ( 'NONE', #97, #2400, #1024 ) ;
#1135 = ORIENTED_EDGE ( 'NONE', *, *, #276, .T. ) ;
#1136 = CARTESIAN_POINT ( 'NONE',  ( 123.3873674397808600, -121.7122917704485872, 3.200000000000000178 ) ) ;
#1137 = EDGE_CURVE ( 'NONE', #2774, #517, #2252, .T. ) ;
#1138 = DIRECTION ( 'NONE',  ( -1.000000000000000000, 0.000000000000000000, 0.000000000000000000 ) ) ;
#1139 = ORIENTED_EDGE ( 'NONE', *, *, #502, .F. ) ;
#1140 = FACE_OUTER_BOUND ( 'NONE', #964, .T. ) ;
#1141 = DIRECTION ( 'NONE',  ( -1.000000000000000000, 0.000000000000000000, 0.000000000000000000 ) ) ;
#1142 = DIRECTION ( 'NONE',  ( -0.000000000000000000, 0.000000000000000000, -1.000000000000000000 ) ) ;
#1143 = CARTESIAN_POINT ( 'NONE',  ( 123.3910694386153750, -114.7110337319886213, 3.200000000000000178 ) ) ;
#1144 = CARTESIAN_POINT ( 'NONE',  ( 255.5626038935361919, -118.3332827187243197, -1.000000000000000000 ) ) ;
#1145 = ORIENTED_EDGE ( 'NONE', *, *, #1376, .F. ) ;
#1146 = ADVANCED_FACE ( 'NONE', ( #2502 ), #438, .F. ) ;
#1147 = EDGE_CURVE ( 'NONE', #123, #565, #2077, .T. ) ;
#1148 = CARTESIAN_POINT ( 'NONE',  ( 144.4347671849628227, -61.60546261256457967, 3.200000000000000178 ) ) ;
#1149 = ADVANCED_FACE ( 'NONE', ( #405, #453, #672, #2778, #1370, #1319, #1793 ), #1355, .T. ) ;
#1150 = CYLINDRICAL_SURFACE ( 'NONE', #1888, 4.000000023977823282 ) ;
#1151 = ORIENTED_EDGE ( 'NONE', *, *, #795, .T. ) ;
#1152 = CYLINDRICAL_SURFACE ( 'NONE', #216, 1.000000000000000000 ) ;
#1153 = VERTEX_POINT ( 'NONE', #1102 ) ;
#1154 = VECTOR ( 'NONE', #210, 1000.000000000000000 ) ;
#1155 = DIRECTION ( 'NONE',  ( -0.7071031492153567743, 0.002266356048557552263, 0.7071067811865378028 ) ) ;
#1156 = DIRECTION ( 'NONE',  ( 0.7071031492419983522, -0.002266347730524989178, 0.7071067811865564545 ) ) ;
#1157 = DIRECTION ( 'NONE',  ( -0.000000000000000000, 0.000000000000000000, 1.000000000000000000 ) ) ;
#1158 = PLANE ( 'NONE',  #2147 ) ;
#1159 = DIRECTION ( 'NONE',  ( -0.000000000000000000, -0.000000000000000000, -1.000000000000000000 ) ) ;
#1160 = EDGE_LOOP ( 'NONE', ( #487, #2591, #1227, #250 ) ) ;
#1161 = CARTESIAN_POINT ( 'NONE',  ( 273.5695461248292872, -35.61547558682823222, -3.000000000000000000 ) ) ;
#1162 = ORIENTED_EDGE ( 'NONE', *, *, #15, .T. ) ;
#1163 = UNCERTAINTY_MEASURE_WITH_UNIT (LENGTH_MEASURE( 1.000000000000000082E-05 ), #1817, 'distance_accuracy_value', 'NONE');
#1164 = CARTESIAN_POINT ( 'NONE',  ( 266.3614855999999236, -44.03324640999999673, -1.000000000000000000 ) ) ;
#1165 = ORIENTED_EDGE ( 'NONE', *, *, #1623, .F. ) ;
#1166 = DIRECTION ( 'NONE',  ( 0.08369252248582009779, 0.9964916264976643179, -0.000000000000000000 ) ) ;
#1167 = ORIENTED_EDGE ( 'NONE', *, *, #1078, .F. ) ;
#1168 = DIRECTION ( 'NONE',  ( -0.000000000000000000, -0.000000000000000000, 1.000000000000000000 ) ) ;
#1169 = DIRECTION ( 'NONE',  ( -1.000000000000000000, 0.000000000000000000, 0.000000000000000000 ) ) ;
#1170 = DIRECTION ( 'NONE',  ( -0.000000000000000000, -0.000000000000000000, -1.000000000000000000 ) ) ;
#1171 = ORIENTED_EDGE ( 'NONE', *, *, #2191, .F. ) ;
#1172 = ADVANCED_FACE ( 'NONE', ( #174 ), #641, .F. ) ;
#1173 = PRESENTATION_LAYER_ASSIGNMENT (  '', '', ( #2822 ) ) ;
#1174 = VECTOR ( 'NONE', #2337, 1000.000000000000000 ) ;
#1175 = DIRECTION ( 'NONE',  ( -0.000000000000000000, 0.000000000000000000, 1.000000000000000000 ) ) ;
#1176 = VERTEX_POINT ( 'NONE', #2046 ) ;
#1177 = CIRCLE ( 'NONE', #1665, 5.999999977211803781 ) ;
#1178 = LINE ( 'NONE', #1119, #464 ) ;
#1179 = ORIENTED_EDGE ( 'NONE', *, *, #2253, .T. ) ;
#1180 = CARTESIAN_POINT ( 'NONE',  ( 121.3658164029241533, -36.08262938659520103, 8.200000000000001066 ) ) ;
#1181 = CIRCLE ( 'NONE', #1134, 7.000000006650283879 ) ;
#1182 = EDGE_LOOP ( 'NONE', ( #1086, #103, #2235, #1645 ) ) ;
#1183 = FACE_OUTER_BOUND ( 'NONE', #1070, .T. ) ;
#1184 = CARTESIAN_POINT ( 'NONE',  ( 279.5740346952891855, -42.61547415987055132, 8.200000000000001066 ) ) ;
#1185 = CARTESIAN_POINT ( 'NONE',  ( 144.4347671849628227, -61.60546261256457967, 1.700000000000000178 ) ) ;
#1186 = ORIENTED_EDGE ( 'NONE', *, *, #399, .F. ) ;
#1187 = ORIENTED_EDGE ( 'NONE', *, *, #2963, .T. ) ;
#1188 = CARTESIAN_POINT ( 'NONE',  ( 116.6181787714093758, -42.68793919528082625, 3.200000000000000178 ) ) ;
#1189 = VECTOR ( 'NONE', #357, 1000.000000000000114 ) ;
#1190 = ORIENTED_EDGE ( 'NONE', *, *, #2450, .T. ) ;
#1191 = VECTOR ( 'NONE', #546, 1000.000000000000000 ) ;
#1192 = CARTESIAN_POINT ( 'NONE',  ( 215.6497943401918462, -125.5135498496957638, -3.000000000000000000 ) ) ;
#1193 = EDGE_LOOP ( 'NONE', ( #724, #2372, #2763, #1224 ) ) ;
#1194 = DIRECTION ( 'NONE',  ( 0.000000000000000000, 0.000000000000000000, -1.000000000000000000 ) ) ;
#1195 = VECTOR ( 'NONE', #1962, 1000.000000000000000 ) ;
#1196 = VERTEX_POINT ( 'NONE', #219 ) ;
#1197 = VECTOR ( 'NONE', #1820, 1000.000000000000000 ) ;
#1198 = LINE ( 'NONE', #2402, #760 ) ;
#1199 = VECTOR ( 'NONE', #335, 1000.000000000000000 ) ;
#1200 = DIRECTION ( 'NONE',  ( 0.000000000000000000, 0.000000000000000000, -1.000000000000000000 ) ) ;
#1201 = LINE ( 'NONE', #2632, #411 ) ;
#1202 = VERTEX_POINT ( 'NONE', #2262 ) ;
#1203 = CIRCLE ( 'NONE', #2901, 6.000000000000005329 ) ;
#1204 = ORIENTED_EDGE ( 'NONE', *, *, #2433, .T. ) ;
#1205 = VECTOR ( 'NONE', #638, 999.9999999999998863 ) ;
#1206 = CARTESIAN_POINT ( 'NONE',  ( 270.5525399578889392, -120.7271444177832365, -3.000000000000000000 ) ) ;
#1207 = EDGE_CURVE ( 'NONE', #1502, #2122, #2688, .T. ) ;
#1208 = EDGE_LOOP ( 'NONE', ( #852, #1408, #2660, #1006 ) ) ;
#1209 = FACE_OUTER_BOUND ( 'NONE', #1737, .T. ) ;
#1210 = EDGE_LOOP ( 'NONE', ( #2873, #655, #716, #2353 ) ) ;
#1211 = LINE ( 'NONE', #68, #794 ) ;
#1212 = EDGE_CURVE ( 'NONE', #494, #2243, #2957, .T. ) ;
#1213 = AXIS2_PLACEMENT_3D ( 'NONE', #37, #1410, #263 ) ;
#1214 = EDGE_LOOP ( 'NONE', ( #2158, #1991, #2899 ) ) ;
#1215 = ADVANCED_FACE ( 'NONE', ( #1140 ), #2974, .T. ) ;
#1216 = CARTESIAN_POINT ( 'NONE',  ( 200.0871536052820829, -124.2279946425338011, 3.199999999999997957 ) ) ;
#1217 = DIRECTION ( 'NONE',  ( -0.000000000000000000, -0.000000000000000000, -1.000000000000000000 ) ) ;
#1218 = EDGE_CURVE ( 'NONE', #1617, #2608, #1769, .T. ) ;
#1219 = CARTESIAN_POINT ( 'NONE',  ( 116.3836654637345447, -114.7135498544849241, 3.200000000000000178 ) ) ;
#1220 = AXIS2_PLACEMENT_3D ( 'NONE', #1054, #122, #1331 ) ;
#1221 = VERTEX_POINT ( 'NONE', #2317 ) ;
#1222 = PLANE ( 'NONE',  #2994 ) ;
#1223 = CARTESIAN_POINT ( 'NONE',  ( 276.8387273237221962, -92.40144548877422892, 8.200000000000001066 ) ) ;
#1224 = ORIENTED_EDGE ( 'NONE', *, *, #814, .T. ) ;
#1225 = CARTESIAN_POINT ( 'NONE',  ( 273.5740346757665407, -42.61547416727292870, 0.000000000000000000 ) ) ;
#1226 = EDGE_CURVE ( 'NONE', #2102, #1754, #232, .T. ) ;
#1227 = ORIENTED_EDGE ( 'NONE', *, *, #2620, .F. ) ;
#1228 = DIRECTION ( 'NONE',  ( -0.000000000000000000, -0.000000000000000000, 1.000000000000000000 ) ) ;
#1229 = ORIENTED_EDGE ( 'NONE', *, *, #1887, .T. ) ;
#1230 = VECTOR ( 'NONE', #217, 1000.000000000000114 ) ;
#1231 = CARTESIAN_POINT ( 'NONE',  ( 237.9347671849628227, -44.50546261256457825, 3.200000000000000178 ) ) ;
#1232 = AXIS2_PLACEMENT_3D ( 'NONE', #2106, #730, #1669 ) ;
#1233 = FACE_OUTER_BOUND ( 'NONE', #2811, .T. ) ;
#1234 = DIRECTION ( 'NONE',  ( 1.000000000000000000, 0.000000000000000000, 0.000000000000000000 ) ) ;
#1235 = ORIENTED_EDGE ( 'NONE', *, *, #1623, .T. ) ;
#1236 = EDGE_CURVE ( 'NONE', #1626, #2537, #468, .T. ) ;
#1237 = DIRECTION ( 'NONE',  ( -0.000000000000000000, -0.000000000000000000, -1.000000000000000000 ) ) ;
#1238 = ADVANCED_FACE ( 'NONE', ( #1605 ), #2538, .T. ) ;
#1239 = LINE ( 'NONE', #1466, #764 ) ;
#1240 = ORIENTED_EDGE ( 'NONE', *, *, #2606, .T. ) ;
#1241 = EDGE_CURVE ( 'NONE', #997, #2387, #1336, .T. ) ;
#1242 = DIRECTION ( 'NONE',  ( -0.000000000000000000, -0.000000000000000000, -1.000000000000000000 ) ) ;
#1243 = EDGE_LOOP ( 'NONE', ( #580, #1846, #1063, #2910 ) ) ;
#1244 = CARTESIAN_POINT ( 'NONE',  ( 176.1647671849628125, -101.5054626125645996, 1.700000000000000178 ) ) ;
#1245 = VERTEX_POINT ( 'NONE', #2711 ) ;
#1246 = AXIS2_PLACEMENT_3D ( 'NONE', #1725, #1913, #1667 ) ;
#1247 = CARTESIAN_POINT ( 'NONE',  ( 120.6813864568733834, -36.31564777261347388, 3.199999999999999734 ) ) ;
#1248 = VECTOR ( 'NONE', #1990, 1000.000000000000000 ) ;
#1249 = CARTESIAN_POINT ( 'NONE',  ( 280.4836468882558052, -90.64799262664348589, -3.000000000000000000 ) ) ;
#1250 = FACE_OUTER_BOUND ( 'NONE', #2245, .T. ) ;
#1251 = DIRECTION ( 'NONE',  ( -1.000000000000000000, 0.000000000000000000, 0.000000000000000000 ) ) ;
#1252 = VECTOR ( 'NONE', #1093, 1000.000000000000000 ) ;
#1253 = VERTEX_POINT ( 'NONE', #419 ) ;
#1254 = CARTESIAN_POINT ( 'NONE',  ( 123.3910694386153750, -118.7110337046811708, 3.199999999999999734 ) ) ;
#1255 = EDGE_CURVE ( 'NONE', #2074, #2300, #366, .T. ) ;
#1256 = VECTOR ( 'NONE', #2866, 1000.000000000000000 ) ;
#1257 = DIRECTION ( 'NONE',  ( -0.000000000000000000, -0.000000000000000000, -1.000000000000000000 ) ) ;
#1258 = EDGE_LOOP ( 'NONE', ( #2113, #149 ) ) ;
#1259 = CARTESIAN_POINT ( 'NONE',  ( 263.9117569401918217, -125.5135498496957638, -3.000000000000000000 ) ) ;
#1260 = EDGE_LOOP ( 'NONE', ( #510, #431, #670, #1837, #1883, #1572, #754 ) ) ;
#1261 = CARTESIAN_POINT ( 'NONE',  ( 182.7090827223657641, -107.1651874455542668, 3.200000000000000178 ) ) ;
#1262 = ORIENTED_EDGE ( 'NONE', *, *, #66, .T. ) ;
#1263 = FACE_OUTER_BOUND ( 'NONE', #1267, .T. ) ;
#1264 = DIRECTION ( 'NONE',  ( -0.000000000000000000, 0.000000000000000000, 1.000000000000000000 ) ) ;
#1265 = DIRECTION ( 'NONE',  ( 1.000000000000000000, 0.000000000000000000, 0.000000000000000000 ) ) ;
#1266 = CARTESIAN_POINT ( 'NONE',  ( 265.8454953499680755, -124.1933955365822158, 8.200000000000001066 ) ) ;
#1267 = EDGE_LOOP ( 'NONE', ( #2418, #2338 ) ) ;
#1268 = CARTESIAN_POINT ( 'NONE',  ( 182.7090827223657641, -65.53865051828402954, -2.299999999999999378 ) ) ;
#1269 = DIRECTION ( 'NONE',  ( 1.000000000000000000, 0.000000000000000000, 0.000000000000000000 ) ) ;
#1270 = CARTESIAN_POINT ( 'NONE',  ( 0.000000000000000000, -80.09101708635411399, -2.299999999999999378 ) ) ;
#1271 = ORIENTED_EDGE ( 'NONE', *, *, #2307, .T. ) ;
#1272 = CARTESIAN_POINT ( 'NONE',  ( 215.6534963390263613, -125.5122917884476124, 3.200000000000000178 ) ) ;
#1273 = VERTEX_POINT ( 'NONE', #275 ) ;
#1274 = AXIS2_PLACEMENT_3D ( 'NONE', #2111, #1625, #39 ) ;
#1275 = MECHANICAL_DESIGN_GEOMETRIC_PRESENTATION_REPRESENTATION (  '', ( #2822 ), #2583 ) ;
#1276 = ADVANCED_FACE ( 'NONE', ( #481 ), #996, .T. ) ;
#1277 = DIRECTION ( 'NONE',  ( 0.000000000000000000, 0.000000000000000000, 1.000000000000000000 ) ) ;
#1278 = AXIS2_PLACEMENT_3D ( 'NONE', #2762, #2972, #2609 ) ;
#1279 = CYLINDRICAL_SURFACE ( 'NONE', #428, 3.999999972692541483 ) ;
#1280 = CARTESIAN_POINT ( 'NONE',  ( 116.3911054158272975, -114.6885980319156175, 7.200000000000000178 ) ) ;
#1281 = CIRCLE ( 'NONE', #1417, 4.000000011169555059 ) ;
#1282 = CIRCLE ( 'NONE', #2489, 1.500000000000001332 ) ;
#1283 = EDGE_LOOP ( 'NONE', ( #653, #2956, #322, #1785 ) ) ;
#1284 = CARTESIAN_POINT ( 'NONE',  ( 240.9347671849628227, -44.50546261256457825, 1.700000000000000178 ) ) ;
#1285 = CARTESIAN_POINT ( 'NONE',  ( 270.5525399578889392, -120.7271444177832365, -3.000000000000000000 ) ) ;
#1286 = CARTESIAN_POINT ( 'NONE',  ( 123.6192799224847079, -38.70911764310645253, 8.200000000000001066 ) ) ;
#1287 = ORIENTED_EDGE ( 'NONE', *, *, #2423, .T. ) ;
#1288 = LINE ( 'NONE', #1762, #1637 ) ;
#1289 = ORIENTED_EDGE ( 'NONE', *, *, #2733, .T. ) ;
#1290 = ORIENTED_EDGE ( 'NONE', *, *, #2204, .F. ) ;
#1291 = LINE ( 'NONE', #2451, #2485 ) ;
#1292 = CARTESIAN_POINT ( 'NONE',  ( 117.6218756338986111, -42.68988623373024893, 8.200000000000001066 ) ) ;
#1293 = VECTOR ( 'NONE', #1767, 1000.000000000000000 ) ;
#1294 = CARTESIAN_POINT ( 'NONE',  ( 126.4597671849628000, -88.20546261256457399, 1.700000000000000178 ) ) ;
#1295 = VERTEX_POINT ( 'NONE', #2138 ) ;
#1296 = PRODUCT_DEFINITION_FORMATION_WITH_SPECIFIED_SOURCE ( 'ANY', '', #2118, .NOT_KNOWN. ) ;
#1297 = LINE ( 'NONE', #609, #2751 ) ;
#1298 = CIRCLE ( 'NONE', #1689, 1.500000000000001332 ) ;
#1299 = DIRECTION ( 'NONE',  ( -1.000000000000000000, 0.000000000000000000, 0.000000000000000000 ) ) ;
#1300 = AXIS2_PLACEMENT_3D ( 'NONE', #2284, #642, #1824 ) ;
#1301 = DIRECTION ( 'NONE',  ( -0.003205111335505743484, -0.9999948636174722516, 0.000000000000000000 ) ) ;
#1302 = ORIENTED_EDGE ( 'NONE', *, *, #2826, .T. ) ;
#1303 = CARTESIAN_POINT ( 'NONE',  ( 215.0676486397808560, -125.4877331704485925, 3.200000000000000178 ) ) ;
#1304 = VECTOR ( 'NONE', #2759, 1000.000000000000000 ) ;
#1305 = ORIENTED_EDGE ( 'NONE', *, *, #618, .F. ) ;
#1306 = ADVANCED_FACE ( 'NONE', ( #540 ), #2554, .F. ) ;
#1307 = CARTESIAN_POINT ( 'NONE',  ( 215.6497943401918462, -125.5135498496957638, -3.000000000000000000 ) ) ;
#1308 = CARTESIAN_POINT ( 'NONE',  ( 170.1113555409463345, -121.7135498316967244, -3.000000000000000000 ) ) ;
#1309 = LINE ( 'NONE', #2267, #665 ) ;
#1310 = ORIENTED_EDGE ( 'NONE', *, *, #1972, .F. ) ;
#1311 = ADVANCED_FACE ( 'NONE', ( #2579 ), #1928, .T. ) ;
#1312 = CARTESIAN_POINT ( 'NONE',  ( 265.8454953499680755, -124.1933955365822158, 8.200000000000001066 ) ) ;
#1313 = EDGE_LOOP ( 'NONE', ( #1167, #1696, #522, #698 ) ) ;
#1314 = AXIS2_PLACEMENT_3D ( 'NONE', #851, #168, #2011 ) ;
#1315 = DIRECTION ( 'NONE',  ( 1.000000000000000000, 0.000000000000000000, 0.000000000000000000 ) ) ;
#1316 = ORIENTED_EDGE ( 'NONE', *, *, #1642, .F. ) ;
#1317 = CARTESIAN_POINT ( 'NONE',  ( 170.1150575397808495, -121.7122917704485872, 3.200000000000000178 ) ) ;
#1318 = VERTEX_POINT ( 'NONE', #19 ) ;
#1319 = FACE_OUTER_BOUND ( 'NONE', #360, .T. ) ;
#1320 = DIRECTION ( 'NONE',  ( -0.000000000000000000, -0.000000000000000000, -1.000000000000000000 ) ) ;
#1321 = DIRECTION ( 'NONE',  ( -1.000000000000000000, 0.000000000000000000, 0.000000000000000000 ) ) ;
#1322 = AXIS2_PLACEMENT_3D ( 'NONE', #2887, #531, #1234 ) ;
#1323 = EDGE_CURVE ( 'NONE', #1012, #2214, #2123, .T. ) ;
#1324 = CARTESIAN_POINT ( 'NONE',  ( 231.7445192045275348, -125.5110337271994609, 3.199999999999999734 ) ) ;
#1325 = CARTESIAN_POINT ( 'NONE',  ( 273.5695461248292872, -35.61547558682823222, 7.200000000000000178 ) ) ;
#1326 = VERTEX_POINT ( 'NONE', #1396 ) ;
#1327 = EDGE_CURVE ( 'NONE', #1058, #858, #2589, .T. ) ;
#1328 = AXIS2_PLACEMENT_3D ( 'NONE', #52, #970, #1900 ) ;
#1329 = APPLICATION_PROTOCOL_DEFINITION ( 'draft international standard', 'automotive_design', 1998, #2280 ) ;
#1330 = ADVANCED_FACE ( 'NONE', ( #245 ), #1648, .T. ) ;
#1331 = DIRECTION ( 'NONE',  ( 1.000000000000000000, 0.000000000000000000, 0.000000000000000000 ) ) ;
#1332 = ORIENTED_EDGE ( 'NONE', *, *, #2831, .F. ) ;
#1333 = CARTESIAN_POINT ( 'NONE',  ( 123.3836653608647538, -114.7135499343102794, -3.000000000000000000 ) ) ;
#1334 = VERTEX_POINT ( 'NONE', #1454 ) ;
#1335 = EDGE_CURVE ( 'NONE', #1792, #2998, #2804, .T. ) ;
#1336 = LINE ( 'NONE', #1854, #1474 ) ;
#1337 = DIRECTION ( 'NONE',  ( 0.000000000000000000, 0.000000000000000000, 1.000000000000000000 ) ) ;
#1338 = DIRECTION ( 'NONE',  ( -0.9999997944112103410, -0.0006412312663307872043, 0.000000000000000000 ) ) ;
#1339 = CARTESIAN_POINT ( 'NONE',  ( 277.5814386974133754, 0.000000000000000000, 4.159359701202597570 ) ) ;
#1340 = ADVANCED_FACE ( 'NONE', ( #2090 ), #511, .F. ) ;
#1341 = CARTESIAN_POINT ( 'NONE',  ( 0.000000000000000000, -107.1651874455542668, 3.200000000000000178 ) ) ;
#1342 = AXIS2_PLACEMENT_3D ( 'NONE', #804, #1731, #2661 ) ;
#1343 = FACE_OUTER_BOUND ( 'NONE', #2465, .T. ) ;
#1344 = ORIENTED_EDGE ( 'NONE', *, *, #1738, .F. ) ;
#1345 = EDGE_CURVE ( 'NONE', #2300, #739, #2152, .T. ) ;
#1346 = CARTESIAN_POINT ( 'NONE',  ( 123.3910694386153750, -121.7110337092004357, 8.200000000000001066 ) ) ;
#1347 = VECTOR ( 'NONE', #93, 1000.000000000000000 ) ;
#1348 = CARTESIAN_POINT ( 'NONE',  ( 170.1187595386153646, -121.7110337092004357, 7.200000000000000178 ) ) ;
#1349 = ORIENTED_EDGE ( 'NONE', *, *, #2946, .T. ) ;
#1350 = LINE ( 'NONE', #1554, #1197 ) ;
#1351 = EDGE_CURVE ( 'NONE', #963, #2102, #2817, .T. ) ;
#1352 = VERTEX_POINT ( 'NONE', #2594 ) ;
#1353 = EDGE_CURVE ( 'NONE', #2685, #2578, #943, .T. ) ;
#1354 = VERTEX_POINT ( 'NONE', #294 ) ;
#1355 = PLANE ( 'NONE',  #2397 ) ;
#1356 = CIRCLE ( 'NONE', #435, 7.000000009015322711 ) ;
#1357 = ORIENTED_EDGE ( 'NONE', *, *, #2182, .T. ) ;
#1358 = PRESENTATION_STYLE_ASSIGNMENT (( #2505 ) ) ;
#1359 = CARTESIAN_POINT ( 'NONE',  ( 123.3836653608647538, -114.7135499343102794, -3.000000000000000000 ) ) ;
#1360 = CYLINDRICAL_SURFACE ( 'NONE', #527, 6.000000000000060396 ) ;
#1361 = CYLINDRICAL_SURFACE ( 'NONE', #1859, 1.500000000000001332 ) ;
#1362 = VERTEX_POINT ( 'NONE', #523 ) ;
#1363 = EDGE_CURVE ( 'NONE', #5, #923, #1211, .T. ) ;
#1364 = AXIS2_PLACEMENT_3D ( 'NONE', #689, #469, #1141 ) ;
#1365 = DIRECTION ( 'NONE',  ( 0.9999997944112103410, 0.0006412312663308333913, -0.000000000000000000 ) ) ;
#1366 = ORIENTED_EDGE ( 'NONE', *, *, #2085, .F. ) ;
#1367 = DIRECTION ( 'NONE',  ( -1.000000000000000000, 0.000000000000000000, 0.000000000000000000 ) ) ;
#1368 = CARTESIAN_POINT ( 'NONE',  ( 119.6218653566889429, -42.69629643311085943, 3.199999999999999734 ) ) ;
#1369 = ORIENTED_EDGE ( 'NONE', *, *, #269, .T. ) ;
#1370 = FACE_BOUND ( 'NONE', #2984, .T. ) ;
#1371 = PLANE ( 'NONE',  #288 ) ;
#1372 = FACE_OUTER_BOUND ( 'NONE', #942, .T. ) ;
#1373 = EDGE_CURVE ( 'NONE', #2300, #64, #757, .T. ) ;
#1374 = CARTESIAN_POINT ( 'NONE',  ( 263.9191609378609087, -118.5110337271994752, 8.200000000000001066 ) ) ;
#1375 = ORIENTED_EDGE ( 'NONE', *, *, #2857, .T. ) ;
#1376 = EDGE_CURVE ( 'NONE', #798, #2031, #2384, .T. ) ;
#1377 = CIRCLE ( 'NONE', #2047, 7.000000028274167008 ) ;
#1378 = CIRCLE ( 'NONE', #1766, 6.000000000000060396 ) ;
#1379 = CARTESIAN_POINT ( 'NONE',  ( 170.1606784812031492, -120.7110337046811139, 8.200000000000001066 ) ) ;
#1380 = VECTOR ( 'NONE', #2015, 1000.000000000000000 ) ;
#1381 = CARTESIAN_POINT ( 'NONE',  ( 253.6847671849627943, -88.20546261256457399, 3.200000000000000178 ) ) ;
#1382 = ORIENTED_EDGE ( 'NONE', *, *, #2958, .F. ) ;
#1383 = CARTESIAN_POINT ( 'NONE',  ( 280.5740346952891855, -89.52671685863680295, 7.200000000000000178 ) ) ;
#1384 = ORIENTED_EDGE ( 'NONE', *, *, #488, .T. ) ;
#1385 = DIRECTION ( 'NONE',  ( -0.3162277687544236549, -0.9486832971379851598, 0.000000000000000000 ) ) ;
#1386 = DIRECTION ( 'NONE',  ( -0.9964916266020813485, 0.08369252124256922054, 0.000000000000000000 ) ) ;
#1387 = DIRECTION ( 'NONE',  ( 1.000000000000000000, 0.000000000000000000, 0.000000000000000000 ) ) ;
#1388 = CARTESIAN_POINT ( 'NONE',  ( 170.3280639420056559, -118.7180504866102808, 3.199999999999999734 ) ) ;
#1389 = CARTESIAN_POINT ( 'NONE',  ( 0.000000000000000000, -107.1651874455542668, -2.299999999999999378 ) ) ;
#1390 = ORIENTED_EDGE ( 'NONE', *, *, #918, .T. ) ;
#1391 = CIRCLE ( 'NONE', #1485, 6.000000000000019540 ) ;
#1392 = DIRECTION ( 'NONE',  ( 0.000000000000000000, 0.000000000000000000, -1.000000000000000000 ) ) ;
#1393 = EDGE_LOOP ( 'NONE', ( #1179, #2898, #21, #274 ) ) ;
#1394 = DIRECTION ( 'NONE',  ( 1.000000000000000000, 0.000000000000000000, 0.000000000000000000 ) ) ;
#1395 = ORIENTED_EDGE ( 'NONE', *, *, #2065, .T. ) ;
#1396 = CARTESIAN_POINT ( 'NONE',  ( 131.1764707090654554, -113.4260893411192797, -1.000000000000000000 ) ) ;
#1397 = LINE ( 'NONE', #175, #2379 ) ;
#1398 = ADVANCED_FACE ( 'NONE', ( #717 ), #1953, .F. ) ;
#1399 = CARTESIAN_POINT ( 'NONE',  ( 252.1847671849627943, -88.20546261256457399, 3.200000000000000178 ) ) ;
#1400 = CYLINDRICAL_SURFACE ( 'NONE', #60, 6.000000000000005329 ) ;
#1401 = LINE ( 'NONE', #456, #1174 ) ;
#1402 = ORIENTED_EDGE ( 'NONE', *, *, #186, .F. ) ;
#1403 = PLANE ( 'NONE',  #1447 ) ;
#1404 = ORIENTED_EDGE ( 'NONE', *, *, #1428, .T. ) ;
#1405 = CARTESIAN_POINT ( 'NONE',  ( 123.3910694386153750, -114.7110337319886213, 8.200000000000001066 ) ) ;
#1406 = ORIENTED_EDGE ( 'NONE', *, *, #1437, .F. ) ;
#1407 = CARTESIAN_POINT ( 'NONE',  ( 263.9117569401918786, -118.5135498496957638, 8.200000000000001066 ) ) ;
#1408 = ORIENTED_EDGE ( 'NONE', *, *, #1376, .T. ) ;
#1409 = CARTESIAN_POINT ( 'NONE',  ( 125.1764707090654554, -44.03324640999999673, -3.000000000000000000 ) ) ;
#1410 = DIRECTION ( 'NONE',  ( 0.000000000000000000, -1.000000000000000000, 0.000000000000000000 ) ) ;
#1411 = CARTESIAN_POINT ( 'NONE',  ( 277.3761718479358365, -90.78911193055776607, 8.200000000000001066 ) ) ;
#1412 = ORIENTED_EDGE ( 'NONE', *, *, #835, .T. ) ;
#1413 = AXIS2_PLACEMENT_3D ( 'NONE', #440, #1544, #421 ) ;
#1414 = EDGE_CURVE ( 'NONE', #1705, #1153, #2625, .T. ) ;
#1415 = CARTESIAN_POINT ( 'NONE',  ( 251.7482171383261687, 0.000000000000000000, -2.299999999999999378 ) ) ;
#1416 = ORIENTED_EDGE ( 'NONE', *, *, #1643, .F. ) ;
#1417 = AXIS2_PLACEMENT_3D ( 'NONE', #2171, #1264, #2689 ) ;
#1418 = DIRECTION ( 'NONE',  ( 0.000000000000000000, 1.000000000000000000, 0.000000000000000000 ) ) ;
#1419 = VERTEX_POINT ( 'NONE', #1984 ) ;
#1420 = CARTESIAN_POINT ( 'NONE',  ( 125.1764707090654554, -44.03324640999999673, -1.000000000000000000 ) ) ;
#1421 = ADVANCED_FACE ( 'NONE', ( #2197 ), #1010, .F. ) ;
#1422 = ORIENTED_EDGE ( 'NONE', *, *, #1430, .F. ) ;
#1423 = CARTESIAN_POINT ( 'NONE',  ( 263.9191609378609087, -118.5110337271994752, 8.200000000000001066 ) ) ;
#1424 = CARTESIAN_POINT ( 'NONE',  ( 125.1764707090654554, -113.4260893411192797, -1.000000000000000000 ) ) ;
#1425 = CARTESIAN_POINT ( 'NONE',  ( 170.1113555409463345, -121.7135498316967244, 3.200000000000000178 ) ) ;
#1426 = ORIENTED_EDGE ( 'NONE', *, *, #863, .T. ) ;
#1427 = ORIENTED_EDGE ( 'NONE', *, *, #2733, .F. ) ;
#1428 = EDGE_CURVE ( 'NONE', #2471, #5, #1860, .T. ) ;
#1429 = DIRECTION ( 'NONE',  ( -0.000000000000000000, -0.000000000000000000, -1.000000000000000000 ) ) ;
#1430 = EDGE_CURVE ( 'NONE', #2007, #1012, #1181, .T. ) ;
#1431 = AXIS2_PLACEMENT_3D ( 'NONE', #571, #145, #2690 ) ;
#1432 = ORIENTED_EDGE ( 'NONE', *, *, #814, .F. ) ;
#1433 = VECTOR ( 'NONE', #2463, 1000.000000000000000 ) ;
#1434 = CARTESIAN_POINT ( 'NONE',  ( 272.3614855999999804, -44.03324640999999673, -1.000000000000000000 ) ) ;
#1435 = ORIENTED_EDGE ( 'NONE', *, *, #931, .F. ) ;
#1436 = CARTESIAN_POINT ( 'NONE',  ( 273.5701873560956301, -36.61547538123942047, 8.200000000000001066 ) ) ;
#1437 = EDGE_CURVE ( 'NONE', #1754, #2512, #2202, .T. ) ;
#1438 = VECTOR ( 'NONE', #2145, 1000.000000000000000 ) ;
#1439 = ORIENTED_EDGE ( 'NONE', *, *, #1335, .F. ) ;
#1440 = DIRECTION ( 'NONE',  ( 0.000000000000000000, 0.000000000000000000, 1.000000000000000000 ) ) ;
#1441 = EDGE_CURVE ( 'NONE', #457, #1633, #148, .T. ) ;
#1442 = CIRCLE ( 'NONE', #1630, 3.999999972692527717 ) ;
#1443 = FACE_OUTER_BOUND ( 'NONE', #2370, .T. ) ;
#1444 = LINE ( 'NONE', #2156, #2098 ) ;
#1445 = CLOSED_SHELL ( 'NONE', ( #1477, #1107, #144, #498, #737, #2694, #1849, #2629, #817, #2107, #581, #826, #1958, #1149, #710, #988, #1663, #2939, #2328, #423, #2810, #1122, #2841, #1306, #1778, #2833, #1015, #906, #12, #251, #1460, #721, #2612, #173, #1967, #683, #1398, #1655, #2669, #2539, #924, #2225, #1330, #802, #57, #2186, #1979, #299, #54, #2499, #270, #2279, #2879, #1771, #926, #1146, #503, #2604, #2199, #1922, #79, #810, #1311, #1711, #141, #2549, #885, #471, #1421, #1127, #2820, #1449, #806, #396, #1977, #76, #1340, #2739, #1172, #506, #158, #1641, #167, #1276, #2428, #302, #2720, #2775, #679, #596, #1215, #834, #1238, #1816, #1890, #2325, #259, #2951, #150, #680, #2758, #377, #619 ) ) ;
#1446 = EDGE_LOOP ( 'NONE', ( #1726, #1927, #1839, #1344 ) ) ;
#1447 = AXIS2_PLACEMENT_3D ( 'NONE', #697, #2832, #2352 ) ;
#1448 = FACE_OUTER_BOUND ( 'NONE', #877, .T. ) ;
#1449 = ADVANCED_FACE ( 'NONE', ( #1527 ), #839, .T. ) ;
#1450 = PLANE ( 'NONE',  #1741 ) ;
#1451 = EDGE_LOOP ( 'NONE', ( #2649, #2580, #81, #1040 ) ) ;
#1452 = PLANE ( 'NONE',  #1876 ) ;
#1453 = EDGE_LOOP ( 'NONE', ( #712, #43, #18, #1714, #480 ) ) ;
#1454 = CARTESIAN_POINT ( 'NONE',  ( 277.5814386974133754, -71.47828436801889040, 4.159359701202597570 ) ) ;
#1455 = AXIS2_PLACEMENT_3D ( 'NONE', #986, #1673, #2375 ) ;
#1456 = EDGE_LOOP ( 'NONE', ( #735, #1901, #1542, #2725 ) ) ;
#1457 = CARTESIAN_POINT ( 'NONE',  ( 0.000000000000000000, -118.7110337046811708, 3.200000000000000178 ) ) ;
#1458 = EDGE_CURVE ( 'NONE', #1253, #667, #2181, .T. ) ;
#1459 = DIRECTION ( 'NONE',  ( 0.9999948636170700178, -0.003205111461036342421, 0.000000000000000000 ) ) ;
#1460 = ADVANCED_FACE ( 'NONE', ( #1940 ), #823, .F. ) ;
#1461 = CARTESIAN_POINT ( 'NONE',  ( 170.1113555409463345, -121.7135498316967244, -3.000000000000000000 ) ) ;
#1462 = VECTOR ( 'NONE', #1315, 1000.000000000000000 ) ;
#1463 = ORIENTED_EDGE ( 'NONE', *, *, #2195, .T. ) ;
#1464 = EDGE_CURVE ( 'NONE', #1794, #1698, #1288, .T. ) ;
#1465 = CARTESIAN_POINT ( 'NONE',  ( 278.3614855999999804, -44.03324640999999673, -3.000000000000000000 ) ) ;
#1466 = CARTESIAN_POINT ( 'NONE',  ( 215.6571983378608763, -125.5110337271994609, 8.200000000000001066 ) ) ;
#1467 = ORIENTED_EDGE ( 'NONE', *, *, #1050, .T. ) ;
#1468 = AXIS2_PLACEMENT_3D ( 'NONE', #948, #2997, #903 ) ;
#1469 = DIRECTION ( 'NONE',  ( -1.000000000000000000, 0.000000000000000000, 0.000000000000000000 ) ) ;
#1470 = VERTEX_POINT ( 'NONE', #1261 ) ;
#1471 = CARTESIAN_POINT ( 'NONE',  ( 124.9597671849628142, -88.20546261256457399, 1.700000000000000178 ) ) ;
#1472 = VERTEX_POINT ( 'NONE', #352 ) ;
#1473 = DIRECTION ( 'NONE',  ( -0.3135194217472720979, -0.9495817880452721571, -0.000000000000000000 ) ) ;
#1474 = VECTOR ( 'NONE', #2942, 1000.000000000000114 ) ;
#1475 = DIRECTION ( 'NONE',  ( -0.000000000000000000, -0.000000000000000000, 1.000000000000000000 ) ) ;
#1476 = DIRECTION ( 'NONE',  ( 0.9999997944112103410, 0.0006412312663307872043, 0.000000000000000000 ) ) ;
#1477 = ADVANCED_FACE ( 'NONE', ( #1999 ), #2027, .T. ) ;
#1478 = VERTEX_POINT ( 'NONE', #1699 ) ;
#1479 = DIRECTION ( 'NONE',  ( -0.000000000000000000, -0.000000000000000000, 1.000000000000000000 ) ) ;
#1480 = CARTESIAN_POINT ( 'NONE',  ( 215.0639466409463694, -125.4889912316967440, 0.000000000000000000 ) ) ;
#1481 = ORIENTED_EDGE ( 'NONE', *, *, #2350, .F. ) ;
#1482 = DIRECTION ( 'NONE',  ( -0.000000000000000000, -0.000000000000000000, -1.000000000000000000 ) ) ;
#1483 = ORIENTED_EDGE ( 'NONE', *, *, #702, .F. ) ;
#1484 = DIRECTION ( 'NONE',  ( 1.000000000000000000, 0.000000000000000000, 0.000000000000000000 ) ) ;
#1485 = AXIS2_PLACEMENT_3D ( 'NONE', #1409, #2345, #2049 ) ;
#1486 = ORIENTED_EDGE ( 'NONE', *, *, #46, .F. ) ;
#1487 = DIRECTION ( 'NONE',  ( 1.000000000000000000, 0.000000000000000000, 0.000000000000000000 ) ) ;
#1488 = ORIENTED_EDGE ( 'NONE', *, *, #2509, .F. ) ;
#1489 = AXIS2_PLACEMENT_3D ( 'NONE', #1148, #650, #2310 ) ;
#1490 = CYLINDRICAL_SURFACE ( 'NONE', #412, 6.999999977211804669 ) ;
#1491 = EDGE_CURVE ( 'NONE', #858, #1058, #147, .T. ) ;
#1492 = FACE_OUTER_BOUND ( 'NONE', #2593, .T. ) ;
#1493 = CARTESIAN_POINT ( 'NONE',  ( 266.8082244006312180, -80.09101708635411399, 3.200000000000000178 ) ) ;
#1494 = EDGE_LOOP ( 'NONE', ( #1787, #1235, #2535, #1406 ) ) ;
#1495 = DIRECTION ( 'NONE',  ( 1.000000000000000000, 0.000000000000000000, 0.000000000000000000 ) ) ;
#1496 = AXIS2_PLACEMENT_3D ( 'NONE', #1116, #895, #866 ) ;
#1497 = CARTESIAN_POINT ( 'NONE',  ( 170.1113555409463345, -121.7135498316967244, 0.000000000000000000 ) ) ;
#1498 = ORIENTED_EDGE ( 'NONE', *, *, #2522, .T. ) ;
#1499 = DIRECTION ( 'NONE',  ( -1.000000000000000000, 0.000000000000000000, 0.000000000000000000 ) ) ;
#1500 = ORIENTED_EDGE ( 'NONE', *, *, #931, .T. ) ;
#1501 = CARTESIAN_POINT ( 'NONE',  ( 255.1847671849627943, -88.20546261256457399, 1.700000000000000178 ) ) ;
#1502 = VERTEX_POINT ( 'NONE', #1727 ) ;
#1503 = FACE_OUTER_BOUND ( 'NONE', #1905, .T. ) ;
#1504 = ORIENTED_EDGE ( 'NONE', *, *, #2092, .T. ) ;
#1505 = PLANE ( 'NONE',  #220 ) ;
#1506 = CARTESIAN_POINT ( 'NONE',  ( 142.9347671849628227, -61.60546261256457967, 3.200000000000000178 ) ) ;
#1507 = CYLINDRICAL_SURFACE ( 'NONE', #938, 7.000000009015322711 ) ;
#1508 = ORIENTED_EDGE ( 'NONE', *, *, #2516, .F. ) ;
#1509 = FACE_OUTER_BOUND ( 'NONE', #1494, .T. ) ;
#1510 = DIRECTION ( 'NONE',  ( -0.000000000000000000, -0.000000000000000000, 1.000000000000000000 ) ) ;
#1511 = DIRECTION ( 'NONE',  ( -1.000000000000000000, 0.000000000000000000, 0.000000000000000000 ) ) ;
#1512 = EDGE_LOOP ( 'NONE', ( #2224, #743, #1670, #1679 ) ) ;
#1513 = DIRECTION ( 'NONE',  ( -1.000000000000000000, 0.000000000000000000, 0.000000000000000000 ) ) ;
#1514 = EDGE_LOOP ( 'NONE', ( #888, #53, #324, #2440 ) ) ;
#1515 = VECTOR ( 'NONE', #2036, 1000.000000000000000 ) ;
#1516 = CARTESIAN_POINT ( 'NONE',  ( 263.9117569401918217, -118.5135498496956927, -3.000000000000000000 ) ) ;
#1517 = CIRCLE ( 'NONE', #1909, 5.999999977211803781 ) ;
#1518 = FACE_OUTER_BOUND ( 'NONE', #1193, .T. ) ;
#1519 = LINE ( 'NONE', #605, #1248 ) ;
#1520 = AXIS2_PLACEMENT_3D ( 'NONE', #2333, #1166, #1884 ) ;
#1521 = ORIENTED_EDGE ( 'NONE', *, *, #1437, .T. ) ;
#1522 = CYLINDRICAL_SURFACE ( 'NONE', #1583, 6.999999977211804669 ) ;
#1523 = DIRECTION ( 'NONE',  ( -0.000000000000000000, 0.000000000000000000, 1.000000000000000000 ) ) ;
#1524 = EDGE_CURVE ( 'NONE', #1130, #2368, #2447, .T. ) ;
#1525 = DIRECTION ( 'NONE',  ( 0.000000000000000000, 0.000000000000000000, 1.000000000000000000 ) ) ;
#1526 = VERTEX_POINT ( 'NONE', #2459 ) ;
#1527 = FACE_OUTER_BOUND ( 'NONE', #2530, .T. ) ;
#1528 = ORIENTED_EDGE ( 'NONE', *, *, #1862, .F. ) ;
#1529 = EDGE_LOOP ( 'NONE', ( #1528, #1939, #2163, #1435 ) ) ;
#1530 = EDGE_CURVE ( 'NONE', #2240, #639, #1071, .T. ) ;
#1531 = FACE_OUTER_BOUND ( 'NONE', #2120, .T. ) ;
#1532 = CARTESIAN_POINT ( 'NONE',  ( 251.7482171383261687, -107.1651874455542668, -2.299999999999999378 ) ) ;
#1533 = DIRECTION ( 'NONE',  ( -0.000000000000000000, -0.000000000000000000, 1.000000000000000000 ) ) ;
#1534 = VECTOR ( 'NONE', #1843, 1000.000000000000000 ) ;
#1535 = VERTEX_POINT ( 'NONE', #783 ) ;
#1536 = DIRECTION ( 'NONE',  ( 0.000000000000000000, 1.000000000000000000, 0.000000000000000000 ) ) ;
#1537 = ORIENTED_EDGE ( 'NONE', *, *, #2070, .T. ) ;
#1538 = CIRCLE ( 'NONE', #2562, 4.000000011169555059 ) ;
#1539 = LINE ( 'NONE', #2028, #1850 ) ;
#1540 = ORIENTED_EDGE ( 'NONE', *, *, #1961, .F. ) ;
#1541 = CARTESIAN_POINT ( 'NONE',  ( 138.9669661386153621, -121.7110337092004357, 3.199999999999999734 ) ) ;
#1542 = ORIENTED_EDGE ( 'NONE', *, *, #1986, .F. ) ;
#1543 = CARTESIAN_POINT ( 'NONE',  ( 279.9882482576622920, -71.47828436801889040, 7.785786437626904366 ) ) ;
#1544 = DIRECTION ( 'NONE',  ( 1.000000000000000000, -0.000000000000000000, 0.000000000000000000 ) ) ;
#1545 = DIRECTION ( 'NONE',  ( -0.000000000000000000, -0.000000000000000000, -1.000000000000000000 ) ) ;
#1546 = EDGE_CURVE ( 'NONE', #517, #2774, #824, .T. ) ;
#1547 = EDGE_CURVE ( 'NONE', #285, #1664, #1350, .T. ) ;
#1548 = LINE ( 'NONE', #2008, #286 ) ;
#1549 =( BOUNDED_CURVE ( )  B_SPLINE_CURVE ( 3, ( #2645, #391, #1543, #2003 ),
 .UNSPECIFIED., .F., .F. ) 
 B_SPLINE_CURVE_WITH_KNOTS ( ( 4, 4 ),
 ( 3.141592653589793116, 4.712388980384689674 ),
 .UNSPECIFIED. ) 
 CURVE ( )  GEOMETRIC_REPRESENTATION_ITEM ( )  RATIONAL_B_SPLINE_CURVE ( ( 1.000000000000000000, 0.8047378541243649375, 0.8047378541243649375, 1.000000000000000000 ) ) 
 REPRESENTATION_ITEM ( '' )  );
#1550 = ORIENTED_EDGE ( 'NONE', *, *, #1759, .T. ) ;
#1551 = EDGE_CURVE ( 'NONE', #2469, #238, #1085, .T. ) ;
#1552 = FACE_OUTER_BOUND ( 'NONE', #171, .T. ) ;
#1553 = ORIENTED_EDGE ( 'NONE', *, *, #1660, .F. ) ;
#1554 = CARTESIAN_POINT ( 'NONE',  ( 251.7482171383261687, 0.000000000000000000, -2.299999999999999378 ) ) ;
#1555 = ORIENTED_EDGE ( 'NONE', *, *, #1082, .T. ) ;
#1556 = DIRECTION ( 'NONE',  ( -0.000000000000000000, 0.000000000000000000, 1.000000000000000000 ) ) ;
#1557 = LINE ( 'NONE', #206, #1588 ) ;
#1558 = LINE ( 'NONE', #1781, #1949 ) ;
#1559 = DIRECTION ( 'NONE',  ( 0.000000000000000000, 0.000000000000000000, 1.000000000000000000 ) ) ;
#1560 = DIRECTION ( 'NONE',  ( -1.000000000000000000, 0.000000000000000000, 0.000000000000000000 ) ) ;
#1561 = EDGE_CURVE ( 'NONE', #381, #320, #1099, .T. ) ;
#1562 = CARTESIAN_POINT ( 'NONE',  ( 266.1677900947298099, -125.1400512586626803, 3.200000000000000178 ) ) ;
#1563 = ORIENTED_EDGE ( 'NONE', *, *, #2867, .T. ) ;
#1564 = AXIS2_PLACEMENT_3D ( 'NONE', #805, #631, #2437 ) ;
#1565 = EDGE_CURVE ( 'NONE', #1362, #2102, #2743, .T. ) ;
#1566 = EDGE_CURVE ( 'NONE', #117, #1569, #585, .T. ) ;
#1567 = LINE ( 'NONE', #2055, #2603 ) ;
#1568 = LINE ( 'NONE', #2741, #2532 ) ;
#1569 = VERTEX_POINT ( 'NONE', #2954 ) ;
#1570 = DIRECTION ( 'NONE',  ( 1.000000000000000000, 0.000000000000000000, 0.000000000000000000 ) ) ;
#1571 = EDGE_LOOP ( 'NONE', ( #635, #2746 ) ) ;
#1572 = ORIENTED_EDGE ( 'NONE', *, *, #1686, .F. ) ;
#1573 = CARTESIAN_POINT ( 'NONE',  ( 119.1764707090654412, -44.03324640999999673, -1.000000000000000000 ) ) ;
#1574 = DIRECTION ( 'NONE',  ( 0.000000000000000000, 0.000000000000000000, -1.000000000000000000 ) ) ;
#1575 = SURFACE_SIDE_STYLE ('',( #2018 ) ) ;
#1576 = DIRECTION ( 'NONE',  ( 1.000000000000000000, 0.000000000000000000, 0.000000000000000000 ) ) ;
#1577 = AXIS2_PLACEMENT_3D ( 'NONE', #2159, #1479, #1495 ) ;
#1578 = LINE ( 'NONE', #647, #1252 ) ;
#1579 = VERTEX_POINT ( 'NONE', #415 ) ;
#1580 = VECTOR ( 'NONE', #2494, 1000.000000000000000 ) ;
#1581 = CIRCLE ( 'NONE', #47, 6.000000006650282991 ) ;
#1582 = CARTESIAN_POINT ( 'NONE',  ( 176.1647671849628125, -101.5054626125645996, 3.200000000000000178 ) ) ;
#1583 = AXIS2_PLACEMENT_3D ( 'NONE', #2680, #2693, #179 ) ;
#1584 = CARTESIAN_POINT ( 'NONE',  ( 182.7090827223657641, -65.53865051828402954, 3.200000000000000178 ) ) ;
#1585 = ORIENTED_EDGE ( 'NONE', *, *, #349, .F. ) ;
#1586 = DIRECTION ( 'NONE',  ( 1.000000000000000000, 0.000000000000000000, 0.000000000000000000 ) ) ;
#1587 = EDGE_CURVE ( 'NONE', #858, #2816, #2971, .T. ) ;
#1588 = VECTOR ( 'NONE', #1156, 1000.000000000000000 ) ;
#1589 = LINE ( 'NONE', #2521, #2827 ) ;
#1590 = EDGE_LOOP ( 'NONE', ( #770, #525, #2420, #1640 ) ) ;
#1591 = DIRECTION ( 'NONE',  ( 0.08315696958815864404, 0.9965364611537874673, 0.000000000000000000 ) ) ;
#1592 = AXIS2_PLACEMENT_3D ( 'NONE', #1333, #2470, #1586 ) ;
#1593 = DIRECTION ( 'NONE',  ( -1.000000000000000000, 0.000000000000000000, 0.000000000000000000 ) ) ;
#1594 = CARTESIAN_POINT ( 'NONE',  ( 277.5814386974133754, 0.000000000000000000, 8.200000000000001066 ) ) ;
#1595 = FACE_BOUND ( 'NONE', #157, .T. ) ;
#1596 = DIRECTION ( 'NONE',  ( -0.000000000000000000, -0.000000000000000000, -1.000000000000000000 ) ) ;
#1597 = ORIENTED_EDGE ( 'NONE', *, *, #1551, .T. ) ;
#1598 = AXIS2_PLACEMENT_3D ( 'NONE', #1702, #248, #1169 ) ;
#1599 = LINE ( 'NONE', #430, #651 ) ;
#1600 = CARTESIAN_POINT ( 'NONE',  ( 261.5626038935362772, -118.3332827187243197, -3.000000000000000000 ) ) ;
#1601 = AXIS2_PLACEMENT_3D ( 'NONE', #2968, #2517, #2495 ) ;
#1602 = ORIENTED_EDGE ( 'NONE', *, *, #795, .F. ) ;
#1603 = DIRECTION ( 'NONE',  ( 1.000000000000000000, 0.000000000000000000, 0.000000000000000000 ) ) ;
#1604 = ORIENTED_EDGE ( 'NONE', *, *, #1547, .F. ) ;
#1605 = FACE_OUTER_BOUND ( 'NONE', #1865, .T. ) ;
#1606 = CARTESIAN_POINT ( 'NONE',  ( 263.9191609378609087, -124.5110337271994752, 8.200000000000001066 ) ) ;
#1607 = CARTESIAN_POINT ( 'NONE',  ( 215.6571983378608763, -125.5110337271994609, 7.200000000000000178 ) ) ;
#1608 = FACE_BOUND ( 'NONE', #2814, .T. ) ;
#1609 = CARTESIAN_POINT ( 'NONE',  ( 215.6571983378609048, -122.5110337378194032, 8.200000000000001066 ) ) ;
#1610 = VERTEX_POINT ( 'NONE', #2043 ) ;
#1611 = VECTOR ( 'NONE', #500, 1000.000000000000000 ) ;
#1612 = VECTOR ( 'NONE', #744, 1000.000000000000000 ) ;
#1613 = CARTESIAN_POINT ( 'NONE',  ( 215.6497943401918462, -118.5135498406804402, 0.000000000000000000 ) ) ;
#1614 = EDGE_CURVE ( 'NONE', #1021, #2816, #2615, .T. ) ;
#1615 = EDGE_CURVE ( 'NONE', #2882, #285, #1835, .T. ) ;
#1616 = B_SPLINE_CURVE_WITH_KNOTS ( 'NONE', 3,
 ( #2856, #1671, #1216, #1917 ),
 .UNSPECIFIED., .F., .F.,
 ( 4, 4 ),
 ( 0.000000000000000000, 1.000000000000000000 ),
 .UNSPECIFIED. ) ;
#1617 = VERTEX_POINT ( 'NONE', #878 ) ;
#1618 = DIRECTION ( 'NONE',  ( -0.000000000000000000, 0.000000000000000000, 1.000000000000000000 ) ) ;
#1619 = EDGE_LOOP ( 'NONE', ( #825, #1165, #188, #2478 ) ) ;
#1620 = DIRECTION ( 'NONE',  ( 0.9964916266020813485, -0.08369252124256923442, 0.000000000000000000 ) ) ;
#1621 = DIRECTION ( 'NONE',  ( 0.9964916264976642069, -0.08369252248582008391, 0.000000000000000000 ) ) ;
#1622 = FACE_OUTER_BOUND ( 'NONE', #2710, .T. ) ;
#1623 = EDGE_CURVE ( 'NONE', #2102, #1115, #2756, .T. ) ;
#1624 = FACE_OUTER_BOUND ( 'NONE', #414, .T. ) ;
#1625 = DIRECTION ( 'NONE',  ( 0.000000000000000000, 0.000000000000000000, 1.000000000000000000 ) ) ;
#1626 = VERTEX_POINT ( 'NONE', #682 ) ;
#1627 = VECTOR ( 'NONE', #1682, 1000.000000000000000 ) ;
#1628 = CONICAL_SURFACE ( 'NONE', #429, 6.000000000000005329, 0.7853981633974415066 ) ;
#1629 = DIRECTION ( 'NONE',  ( 0.000000000000000000, 0.000000000000000000, 1.000000000000000000 ) ) ;
#1630 = AXIS2_PLACEMENT_3D ( 'NONE', #1079, #1978, #196 ) ;
#1631 = VERTEX_POINT ( 'NONE', #2481 ) ;
#1632 = CARTESIAN_POINT ( 'NONE',  ( 270.5525399578889392, -120.7271444177832365, -3.000000000000000000 ) ) ;
#1633 = VERTEX_POINT ( 'NONE', #2924 ) ;
#1634 = CARTESIAN_POINT ( 'NONE',  ( 279.2661344430538861, -91.42408358094131415, 8.200000000000001066 ) ) ;
#1635 = ORIENTED_EDGE ( 'NONE', *, *, #2812, .T. ) ;
#1636 = CARTESIAN_POINT ( 'NONE',  ( 0.000000000000000000, -107.1651874455542668, -2.299999999999999378 ) ) ;
#1637 = VECTOR ( 'NONE', #771, 1000.000000000000000 ) ;
#1638 = CARTESIAN_POINT ( 'NONE',  ( 251.7482171383261687, -107.1651874455542668, 3.200000000000000178 ) ) ;
#1639 = LINE ( 'NONE', #2573, #979 ) ;
#1640 = ORIENTED_EDGE ( 'NONE', *, *, #2716, .T. ) ;
#1641 = ADVANCED_FACE ( 'NONE', ( #629 ), #2277, .T. ) ;
#1642 = EDGE_CURVE ( 'NONE', #2135, #1617, #2534, .T. ) ;
#1643 = EDGE_CURVE ( 'NONE', #390, #2849, #195, .T. ) ;
#1644 = CARTESIAN_POINT ( 'NONE',  ( 170.3280639420056559, -118.7180504866102950, 8.200000000000001066 ) ) ;
#1645 = ORIENTED_EDGE ( 'NONE', *, *, #2231, .T. ) ;
#1646 = FACE_OUTER_BOUND ( 'NONE', #1446, .T. ) ;
#1647 = ORIENTED_EDGE ( 'NONE', *, *, #1118, .T. ) ;
#1648 = PLANE ( 'NONE',  #748 ) ;
#1649 = ORIENTED_EDGE ( 'NONE', *, *, #1030, .T. ) ;
#1650 = DIRECTION ( 'NONE',  ( 0.000000000000000000, 0.000000000000000000, -1.000000000000000000 ) ) ;
#1651 = EDGE_CURVE ( 'NONE', #667, #2599, #340, .T. ) ;
#1652 = CARTESIAN_POINT ( 'NONE',  ( 280.5740346952891855, -71.47828436801889040, 11.17740594433211321 ) ) ;
#1653 = DIRECTION ( 'NONE',  ( 1.000000000000000000, 0.000000000000000000, 0.000000000000000000 ) ) ;
#1654 = ORIENTED_EDGE ( 'NONE', *, *, #2958, .T. ) ;
#1655 = ADVANCED_FACE ( 'NONE', ( #1803 ), #1150, .F. ) ;
#1656 = ORIENTED_EDGE ( 'NONE', *, *, #1078, .T. ) ;
#1657 = EDGE_CURVE ( 'NONE', #2624, #2060, #2228, .T. ) ;
#1658 = VECTOR ( 'NONE', #723, 1000.000000000000000 ) ;
#1659 = CIRCLE ( 'NONE', #2724, 3.999999972692527717 ) ;
#1660 = EDGE_CURVE ( 'NONE', #2247, #2233, #2296, .T. ) ;
#1661 = DIRECTION ( 'NONE',  ( 1.000000000000000000, 0.000000000000000000, -0.000000000000000000 ) ) ;
#1662 = CONICAL_SURFACE ( 'NONE', #363, 6.000000000000005329, 0.7853981633974473908 ) ;
#1663 = ADVANCED_FACE ( 'NONE', ( #185 ), #170, .F. ) ;
#1664 = VERTEX_POINT ( 'NONE', #2380 ) ;
#1665 = AXIS2_PLACEMENT_3D ( 'NONE', #2185, #2900, #2914 ) ;
#1666 = AXIS2_PLACEMENT_3D ( 'NONE', #1244, #2417, #2234 ) ;
#1667 = DIRECTION ( 'NONE',  ( 1.000000000000000000, 0.000000000000000000, 0.000000000000000000 ) ) ;
#1668 = ORIENTED_EDGE ( 'NONE', *, *, #835, .F. ) ;
#1669 = DIRECTION ( 'NONE',  ( -1.000000000000000000, 0.000000000000000000, 0.000000000000000000 ) ) ;
#1670 = ORIENTED_EDGE ( 'NONE', *, *, #1681, .T. ) ;
#1671 = CARTESIAN_POINT ( 'NONE',  ( 185.1029565719487380, -122.9695141758671184, 3.199999999999997957 ) ) ;
#1672 = EDGE_CURVE ( 'NONE', #592, #2685, #2274, .T. ) ;
#1673 = DIRECTION ( 'NONE',  ( -0.000000000000000000, -0.000000000000000000, -1.000000000000000000 ) ) ;
#1674 = DIRECTION ( 'NONE',  ( -0.000000000000000000, -0.000000000000000000, -1.000000000000000000 ) ) ;
#1675 = ORIENTED_EDGE ( 'NONE', *, *, #2509, .T. ) ;
#1676 = LINE ( 'NONE', #2427, #433 ) ;
#1677 = FACE_OUTER_BOUND ( 'NONE', #1590, .T. ) ;
#1678 = VECTOR ( 'NONE', #843, 1000.000000000000000 ) ;
#1679 = ORIENTED_EDGE ( 'NONE', *, *, #2430, .T. ) ;
#1680 = VECTOR ( 'NONE', #1487, 1000.000000000000000 ) ;
#1681 = EDGE_CURVE ( 'NONE', #2007, #1794, #2605, .T. ) ;
#1682 = DIRECTION ( 'NONE',  ( -0.000000000000000000, -0.000000000000000000, -1.000000000000000000 ) ) ;
#1683 = ORIENTED_EDGE ( 'NONE', *, *, #62, .T. ) ;
#1684 = CARTESIAN_POINT ( 'NONE',  ( 269.6038566607509210, -120.4109166490288061, 8.200000000000001066 ) ) ;
#1685 = CIRCLE ( 'NONE', #2893, 1.499999999999987566 ) ;
#1686 = EDGE_CURVE ( 'NONE', #2966, #940, #2785, .T. ) ;
#1687 = EDGE_LOOP ( 'NONE', ( #2261, #993, #1597, #567 ) ) ;
#1688 = CARTESIAN_POINT ( 'NONE',  ( 117.7851949279129400, -119.0025605241439166, 3.200000000000000178 ) ) ;
#1689 = AXIS2_PLACEMENT_3D ( 'NONE', #2242, #2271, #1813 ) ;
#1690 = EDGE_CURVE ( 'NONE', #602, #1419, #617, .T. ) ;
#1691 = DIRECTION ( 'NONE',  ( -1.000000000000000000, 0.000000000000000000, 0.000000000000000000 ) ) ;
#1692 = LINE ( 'NONE', #2598, #696 ) ;
#1693 = VERTEX_POINT ( 'NONE', #2813 ) ;
#1694 = CARTESIAN_POINT ( 'NONE',  ( 124.9597671849628142, -88.20546261256457399, 1.700000000000000178 ) ) ;
#1695 = DIRECTION ( 'NONE',  ( 0.7071067811865475727, 0.000000000000000000, 0.7071067811865475727 ) ) ;
#1696 = ORIENTED_EDGE ( 'NONE', *, *, #1879, .T. ) ;
#1697 = CARTESIAN_POINT ( 'NONE',  ( 270.5525399578889392, -120.7271444177832365, 0.000000000000000000 ) ) ;
#1698 = VERTEX_POINT ( 'NONE', #753 ) ;
#1699 = CARTESIAN_POINT ( 'NONE',  ( 267.5626038935363340, -118.3332827187243197, -1.000000000000000000 ) ) ;
#1700 = ORIENTED_EDGE ( 'NONE', *, *, #2385, .T. ) ;
#1701 = DIRECTION ( 'NONE',  ( 0.000000000000000000, 0.000000000000000000, -1.000000000000000000 ) ) ;
#1702 = CARTESIAN_POINT ( 'NONE',  ( 123.6144408248085114, -42.71163295443321317, 8.200000000000001066 ) ) ;
#1703 = CARTESIAN_POINT ( 'NONE',  ( 119.3910900113080231, -114.6982133319010870, 3.200000000000000178 ) ) ;
#1704 = VECTOR ( 'NONE', #627, 1000.000000000000000 ) ;
#1705 = VERTEX_POINT ( 'NONE', #1908 ) ;
#1706 = DIRECTION ( 'NONE',  ( 0.9999948636170700178, -0.003205111461036341553, 0.000000000000000000 ) ) ;
#1707 = PLANE ( 'NONE',  #720 ) ;
#1708 = ORIENTED_EDGE ( 'NONE', *, *, #991, .F. ) ;
#1709 = CIRCLE ( 'NONE', #2635, 1.000000000000000000 ) ;
#1710 = FACE_OUTER_BOUND ( 'NONE', #2416, .T. ) ;
#1711 = ADVANCED_FACE ( 'NONE', ( #491 ), #1403, .T. ) ;
#1712 = ORIENTED_EDGE ( 'NONE', *, *, #695, .F. ) ;
#1713 = DIRECTION ( 'NONE',  ( -0.000000000000000000, -0.000000000000000000, -1.000000000000000000 ) ) ;
#1714 = ORIENTED_EDGE ( 'NONE', *, *, #2129, .T. ) ;
#1715 = VECTOR ( 'NONE', #2421, 1000.000000000000000 ) ;
#1716 = CARTESIAN_POINT ( 'NONE',  ( 123.3873674397808600, -121.7122917704485872, 3.200000000000000178 ) ) ;
#1717 = CARTESIAN_POINT ( 'NONE',  ( 123.6192799224846937, -38.70911764310644543, 3.200000000000000178 ) ) ;
#1718 = AXIS2_PLACEMENT_3D ( 'NONE', #205, #1556, #1806 ) ;
#1719 = LINE ( 'NONE', #2646, #2114 ) ;
#1720 = DIRECTION ( 'NONE',  ( 0.000000000000000000, 0.000000000000000000, -1.000000000000000000 ) ) ;
#1721 = ORIENTED_EDGE ( 'NONE', *, *, #41, .F. ) ;
#1722 = DIRECTION ( 'NONE',  ( 0.000000000000000000, 1.000000000000000000, 0.000000000000000000 ) ) ;
#1723 = DIRECTION ( 'NONE',  ( -0.000000000000000000, -0.000000000000000000, 1.000000000000000000 ) ) ;
#1724 = ORIENTED_EDGE ( 'NONE', *, *, #1874, .T. ) ;
#1725 = CARTESIAN_POINT ( 'NONE',  ( 253.6847671849627943, -88.20546261256457399, 1.700000000000000178 ) ) ;
#1726 = ORIENTED_EDGE ( 'NONE', *, *, #1241, .T. ) ;
#1727 = CARTESIAN_POINT ( 'NONE',  ( 280.4836468882558052, -90.64799262664348589, 0.000000000000000000 ) ) ;
#1728 = VECTOR ( 'NONE', #2902, 1000.000000000000000 ) ;
#1729 = CIRCLE ( 'NONE', #2364, 6.000000000000019540 ) ;
#1730 = VERTEX_POINT ( 'NONE', #977 ) ;
#1731 = DIRECTION ( 'NONE',  ( 0.000000000000000000, 0.000000000000000000, -1.000000000000000000 ) ) ;
#1732 = VECTOR ( 'NONE', #1019, 1000.000000000000227 ) ;
#1733 = CARTESIAN_POINT ( 'NONE',  ( 280.5740346952891855, -42.61547415863682886, 7.200000000000000178 ) ) ;
#1734 = VECTOR ( 'NONE', #2246, 1000.000000000000000 ) ;
#1735 = DIRECTION ( 'NONE',  ( -0.9964916264976642069, 0.08369252248582007003, 0.000000000000000000 ) ) ;
#1736 = LINE ( 'NONE', #89, #2582 ) ;
#1737 = EDGE_LOOP ( 'NONE', ( #2342, #2980, #2334, #2203 ) ) ;
#1738 = EDGE_CURVE ( 'NONE', #997, #2471, #305, .T. ) ;
#1739 = CIRCLE ( 'NONE', #2754, 1.500000000000001332 ) ;
#1740 = DIRECTION ( 'NONE',  ( 0.003205111461036341119, 0.9999948636170699068, 0.000000000000000000 ) ) ;
#1741 = AXIS2_PLACEMENT_3D ( 'NONE', #939, #2073, #504 ) ;
#1742 = LINE ( 'NONE', #1285, #2798 ) ;
#1743 = EDGE_CURVE ( 'NONE', #1929, #2708, #1356, .T. ) ;
#1744 = CARTESIAN_POINT ( 'NONE',  ( 279.9944396917125573, -92.40144548877422892, 3.200000000000000178 ) ) ;
#1745 = VERTEX_POINT ( 'NONE', #2134 ) ;
#1746 = DIRECTION ( 'NONE',  ( -0.000000000000000000, -0.000000000000000000, 1.000000000000000000 ) ) ;
#1747 = ORIENTED_EDGE ( 'NONE', *, *, #105, .F. ) ;
#1748 = ORIENTED_EDGE ( 'NONE', *, *, #2736, .F. ) ;
#1749 = DIRECTION ( 'NONE',  ( -1.000000000000000000, 0.000000000000000000, 0.000000000000000000 ) ) ;
#1750 = AXIS2_PLACEMENT_3D ( 'NONE', #1889, #1200, #529 ) ;
#1751 = DIRECTION ( 'NONE',  ( -1.000000000000000000, 0.000000000000000000, 0.000000000000000000 ) ) ;
#1752 = EDGE_CURVE ( 'NONE', #1295, #1730, #241, .T. ) ;
#1753 = DIRECTION ( 'NONE',  ( -0.000000000000000000, -0.000000000000000000, -1.000000000000000000 ) ) ;
#1754 = VERTEX_POINT ( 'NONE', #1161 ) ;
#1755 = EDGE_CURVE ( 'NONE', #997, #2060, #14, .T. ) ;
#1756 = DIRECTION ( 'NONE',  ( -0.000000000000000000, -0.000000000000000000, 1.000000000000000000 ) ) ;
#1757 = EDGE_CURVE ( 'NONE', #1693, #532, #2550, .T. ) ;
#1758 = CARTESIAN_POINT ( 'NONE',  ( 253.6847671849627943, -88.20546261256457399, 1.700000000000000178 ) ) ;
#1759 = EDGE_CURVE ( 'NONE', #1202, #293, #1581, .T. ) ;
#1760 = CYLINDRICAL_SURFACE ( 'NONE', #1068, 6.999999977211804669 ) ;
#1761 = ORIENTED_EDGE ( 'NONE', *, *, #1657, .F. ) ;
#1762 = CARTESIAN_POINT ( 'NONE',  ( 116.6144767725748608, -42.68919725652897768, 3.200000000000000178 ) ) ;
#1763 = ORIENTED_EDGE ( 'NONE', *, *, #2715, .T. ) ;
#1764 = AXIS2_PLACEMENT_3D ( 'NONE', #1389, #2068, #2529 ) ;
#1765 = DIRECTION ( 'NONE',  ( 1.000000000000000000, 0.000000000000000000, 0.000000000000000000 ) ) ;
#1766 = AXIS2_PLACEMENT_3D ( 'NONE', #2088, #17, #493 ) ;
#1767 = DIRECTION ( 'NONE',  ( 0.000000000000000000, 1.000000000000000000, -0.000000000000000000 ) ) ;
#1768 = CARTESIAN_POINT ( 'NONE',  ( 280.5740346952891855, -42.61547416727297843, -3.000000000000000000 ) ) ;
#1769 = CIRCLE ( 'NONE', #1718, 4.000000010619952917 ) ;
#1770 = ORIENTED_EDGE ( 'NONE', *, *, #1241, .F. ) ;
#1771 = ADVANCED_FACE ( 'NONE', ( #1677 ), #1450, .F. ) ;
#1772 = DIRECTION ( 'NONE',  ( -0.000000000000000000, -0.000000000000000000, -1.000000000000000000 ) ) ;
#1773 = DIRECTION ( 'NONE',  ( 0.000000000000000000, 0.000000000000000000, -1.000000000000000000 ) ) ;
#1774 = ORIENTED_EDGE ( 'NONE', *, *, #2178, .F. ) ;
#1775 = DIRECTION ( 'NONE',  ( 0.000000000000000000, 0.000000000000000000, -1.000000000000000000 ) ) ;
#1776 = ORIENTED_EDGE ( 'NONE', *, *, #1011, .T. ) ;
#1777 = EDGE_CURVE ( 'NONE', #162, #963, #444, .T. ) ;
#1778 = ADVANCED_FACE ( 'NONE', ( #2366 ), #268, .T. ) ;
#1779 = CARTESIAN_POINT ( 'NONE',  ( 125.1764707090654554, -113.4260893411192797, -1.000000000000000000 ) ) ;
#1780 = AXIS2_PLACEMENT_3D ( 'NONE', #2640, #1482, #1951 ) ;
#1781 = CARTESIAN_POINT ( 'NONE',  ( 266.1677853576053963, -125.1400372887408707, 8.200000000000001066 ) ) ;
#1782 = DIRECTION ( 'NONE',  ( -1.000000000000000000, 0.000000000000000000, 0.000000000000000000 ) ) ;
#1783 = CIRCLE ( 'NONE', #2217, 6.999999897386449454 ) ;
#1784 = EDGE_CURVE ( 'NONE', #111, #2330, #2773, .T. ) ;
#1785 = ORIENTED_EDGE ( 'NONE', *, *, #2390, .F. ) ;
#1786 = LINE ( 'NONE', #2965, #1154 ) ;
#1787 = ORIENTED_EDGE ( 'NONE', *, *, #1226, .F. ) ;
#1788 = DIRECTION ( 'NONE',  ( 1.000000000000000000, 0.000000000000000000, 0.000000000000000000 ) ) ;
#1789 = CARTESIAN_POINT ( 'NONE',  ( 270.5740346952891855, -92.40144548877422892, 4.159359701202597570 ) ) ;
#1790 = ORIENTED_EDGE ( 'NONE', *, *, #2516, .T. ) ;
#1791 = CARTESIAN_POINT ( 'NONE',  ( 0.000000000000000000, -65.53865051828402954, -2.299999999999999378 ) ) ;
#1792 = VERTEX_POINT ( 'NONE', #1644 ) ;
#1793 = FACE_BOUND ( 'NONE', #929, .T. ) ;
#1794 = VERTEX_POINT ( 'NONE', #1188 ) ;
#1795 = CARTESIAN_POINT ( 'NONE',  ( 279.5740346952891855, -70.47828436801889040, 8.200000000000001066 ) ) ;
#1796 = DIRECTION ( 'NONE',  ( 1.000000000000000000, 0.000000000000000000, 0.000000000000000000 ) ) ;
#1797 = CARTESIAN_POINT ( 'NONE',  ( 123.6144408248085114, -42.71163295443321317, 3.200000000000000178 ) ) ;
#1798 = DIRECTION ( 'NONE',  ( 1.000000000000000000, 0.000000000000000000, 0.000000000000000000 ) ) ;
#1799 = VERTEX_POINT ( 'NONE', #1206 ) ;
#1800 = DIRECTION ( 'NONE',  ( 1.000000000000000000, 0.000000000000000000, 0.000000000000000000 ) ) ;
#1801 = DIRECTION ( 'NONE',  ( -0.000000000000000000, -0.000000000000000000, -1.000000000000000000 ) ) ;
#1802 = ORIENTED_EDGE ( 'NONE', *, *, #1363, .F. ) ;
#1803 = FACE_OUTER_BOUND ( 'NONE', #1976, .T. ) ;
#1804 = VERTEX_POINT ( 'NONE', #1497 ) ;
#1805 = EDGE_LOOP ( 'NONE', ( #662, #2324, #2839, #541, #687, #341 ) ) ;
#1806 = DIRECTION ( 'NONE',  ( 1.000000000000000000, 0.000000000000000000, 0.000000000000000000 ) ) ;
#1807 = LINE ( 'NONE', #234, #2513 ) ;
#1808 = FACE_OUTER_BOUND ( 'NONE', #2809, .T. ) ;
#1809 = AXIS2_PLACEMENT_3D ( 'NONE', #2474, #192, #632 ) ;
#1810 = CARTESIAN_POINT ( 'NONE',  ( 116.3873857092019506, -114.7015984591215130, 3.199999999999999734 ) ) ;
#1811 = APPLICATION_CONTEXT ( 'automotive_design' ) ;
#1812 = LINE ( 'NONE', #1341, #361 ) ;
#1813 = DIRECTION ( 'NONE',  ( 1.000000000000000000, 0.000000000000000000, 0.000000000000000000 ) ) ;
#1814 = ORIENTED_EDGE ( 'NONE', *, *, #1113, .F. ) ;
#1815 = VECTOR ( 'NONE', #2926, 1000.000000000000000 ) ;
#1816 = ADVANCED_FACE ( 'NONE', ( #2668 ), #365, .T. ) ;
#1817 =( LENGTH_UNIT ( ) NAMED_UNIT ( * ) SI_UNIT ( .MILLI., .METRE. ) );
#1818 = CARTESIAN_POINT ( 'NONE',  ( 270.5525399578889392, -120.7271444177832365, -3.000000000000000000 ) ) ;
#1819 = EDGE_LOOP ( 'NONE', ( #1404, #2576, #1763, #34 ) ) ;
#1820 = DIRECTION ( 'NONE',  ( 0.000000000000000000, -1.000000000000000000, 0.000000000000000000 ) ) ;
#1821 = CARTESIAN_POINT ( 'NONE',  ( 215.6571983378608763, -124.5110337271994894, 8.200000000000001066 ) ) ;
#1822 = ORIENTED_EDGE ( 'NONE', *, *, #2350, .T. ) ;
#1823 = DIRECTION ( 'NONE',  ( 1.000000000000000000, 0.000000000000000000, -0.000000000000000000 ) ) ;
#1824 = DIRECTION ( 'NONE',  ( -1.000000000000000000, 0.000000000000000000, 0.000000000000000000 ) ) ;
#1825 = CARTESIAN_POINT ( 'NONE',  ( 182.7090827223657641, -107.1651874455542668, -2.299999999999999378 ) ) ;
#1826 = CIRCLE ( 'NONE', #280, 6.000000000000005329 ) ;
#1827 = CARTESIAN_POINT ( 'NONE',  ( 261.5626038935362772, -118.3332827187243197, -1.000000000000000000 ) ) ;
#1828 = AXIS2_PLACEMENT_3D ( 'NONE', #497, #2286, #235 ) ;
#1829 = FACE_OUTER_BOUND ( 'NONE', #1182, .T. ) ;
#1830 = EDGE_LOOP ( 'NONE', ( #1145, #736, #2295, #955 ) ) ;
#1831 =( GEOMETRIC_REPRESENTATION_CONTEXT ( 3 ) GLOBAL_UNCERTAINTY_ASSIGNED_CONTEXT ( ( #1163 ) ) GLOBAL_UNIT_ASSIGNED_CONTEXT ( ( #1817, #226, #663 ) ) REPRESENTATION_CONTEXT ( 'NONE', 'WORKASPACE' ) );
#1832 = DIRECTION ( 'NONE',  ( -1.000000000000000000, 0.000000000000000000, 0.000000000000000000 ) ) ;
#1833 = AXIS2_PLACEMENT_3D ( 'NONE', #2466, #2930, #2906 ) ;
#1834 = PLANE ( 'NONE',  #1601 ) ;
#1835 = LINE ( 'NONE', #1791, #1304 ) ;
#1836 = AXIS2_PLACEMENT_3D ( 'NONE', #658, #1088, #1386 ) ;
#1837 = ORIENTED_EDGE ( 'NONE', *, *, #2406, .T. ) ;
#1838 = FACE_OUTER_BOUND ( 'NONE', #1393, .T. ) ;
#1839 = ORIENTED_EDGE ( 'NONE', *, *, #2570, .F. ) ;
#1840 = DIRECTION ( 'NONE',  ( 0.6708203926046739651, -0.2236067996857418194, 0.7071067811865558994 ) ) ;
#1841 = VECTOR ( 'NONE', #1570, 1000.000000000000000 ) ;
#1842 = CARTESIAN_POINT ( 'NONE',  ( 0.000000000000000000, -65.53865051828402954, -2.299999999999999378 ) ) ;
#1843 = DIRECTION ( 'NONE',  ( 0.000000000000000000, 0.7071067811865426878, 0.7071067811865524577 ) ) ;
#1844 = FACE_OUTER_BOUND ( 'NONE', #1571, .T. ) ;
#1845 = CYLINDRICAL_SURFACE ( 'NONE', #1468, 2.000000000000001776 ) ;
#1846 = ORIENTED_EDGE ( 'NONE', *, *, #1757, .F. ) ;
#1847 = EDGE_CURVE ( 'NONE', #1273, #2132, #1880, .T. ) ;
#1848 = DIRECTION ( 'NONE',  ( 1.000000000000000000, 0.000000000000000000, 0.000000000000000000 ) ) ;
#1849 = ADVANCED_FACE ( 'NONE', ( #2892 ), #2907, .F. ) ;
#1850 = VECTOR ( 'NONE', #1301, 1000.000000000000114 ) ;
#1851 = ORIENTED_EDGE ( 'NONE', *, *, #1961, .T. ) ;
#1852 = DIRECTION ( 'NONE',  ( -1.000000000000000000, 0.000000000000000000, 0.000000000000000000 ) ) ;
#1853 = ORIENTED_EDGE ( 'NONE', *, *, #2620, .T. ) ;
#1854 = CARTESIAN_POINT ( 'NONE',  ( 170.0113015120812747, -124.2744532812592126, 4.636580427941178861 ) ) ;
#1855 = DIRECTION ( 'NONE',  ( 0.000000000000000000, 0.000000000000000000, 1.000000000000000000 ) ) ;
#1856 = PLANE ( 'NONE',  #573 ) ;
#1857 = CARTESIAN_POINT ( 'NONE',  ( 215.0713506386153711, -125.4864751092004695, 7.200000000000000178 ) ) ;
#1858 = ORIENTED_EDGE ( 'NONE', *, *, #2918, .T. ) ;
#1859 = AXIS2_PLACEMENT_3D ( 'NONE', #1185, #2752, #1653 ) ;
#1860 = CIRCLE ( 'NONE', #417, 6.999999977211804669 ) ;
#1861 = CARTESIAN_POINT ( 'NONE',  ( 273.5740346757665407, -42.61547416727292870, 8.200000000000001066 ) ) ;
#1862 = EDGE_CURVE ( 'NONE', #1362, #745, #2681, .T. ) ;
#1863 = ORIENTED_EDGE ( 'NONE', *, *, #2206, .T. ) ;
#1864 = CARTESIAN_POINT ( 'NONE',  ( 273.5788738224846384, -38.61295884310645476, 3.200000000000000178 ) ) ;
#1865 = EDGE_LOOP ( 'NONE', ( #2627, #1488, #2097, #2569 ) ) ;
#1866 = DIRECTION ( 'NONE',  ( -1.000000000000000000, 0.000000000000000000, 0.000000000000000000 ) ) ;
#1867 = EDGE_CURVE ( 'NONE', #624, #1502, #595, .T. ) ;
#1868 = VERTEX_POINT ( 'NONE', #319 ) ;
#1869 = CARTESIAN_POINT ( 'NONE',  ( 267.7138941009055770, -119.7759449123220463, 8.200000000000001066 ) ) ;
#1870 = EDGE_CURVE ( 'NONE', #2966, #164, #2119, .T. ) ;
#1871 = CARTESIAN_POINT ( 'NONE',  ( 170.1606789386153480, -118.7110337046811708, 8.200000000000001066 ) ) ;
#1872 = LINE ( 'NONE', #1411, #312 ) ;
#1873 = ORIENTED_EDGE ( 'NONE', *, *, #1430, .T. ) ;
#1874 = EDGE_CURVE ( 'NONE', #1221, #1419, #611, .T. ) ;
#1875 = AXIS2_PLACEMENT_3D ( 'NONE', #87, #999, #2170 ) ;
#1876 = AXIS2_PLACEMENT_3D ( 'NONE', #307, #2444, #597 ) ;
#1877 = AXIS2_PLACEMENT_3D ( 'NONE', #2327, #198, #458 ) ;
#1878 = DIRECTION ( 'NONE',  ( 1.000000000000000000, 0.000000000000000000, 0.000000000000000000 ) ) ;
#1879 = EDGE_CURVE ( 'NONE', #1318, #5, #767, .T. ) ;
#1880 = CIRCLE ( 'NONE', #44, 4.000000010619952917 ) ;
#1881 = EDGE_LOOP ( 'NONE', ( #1724, #155, #11, #2454 ) ) ;
#1882 = LINE ( 'NONE', #1383, #746 ) ;
#1883 = ORIENTED_EDGE ( 'NONE', *, *, #276, .F. ) ;
#1884 = DIRECTION ( 'NONE',  ( -0.9964916264976642069, 0.08369252248582008391, 0.000000000000000000 ) ) ;
#1885 = ORIENTED_EDGE ( 'NONE', *, *, #2414, .T. ) ;
#1886 = LINE ( 'NONE', #2571, #2937 ) ;
#1887 = EDGE_CURVE ( 'NONE', #494, #1055, #578, .T. ) ;
#1888 = AXIS2_PLACEMENT_3D ( 'NONE', #853, #449, #1367 ) ;
#1889 = CARTESIAN_POINT ( 'NONE',  ( 270.5740346952891855, -92.40144548877422892, 4.159359701202597570 ) ) ;
#1890 = ADVANCED_FACE ( 'NONE', ( #2621 ), #2659, .T. ) ;
#1891 = CARTESIAN_POINT ( 'NONE',  ( 266.8082244006312180, 0.000000000000000000, 3.200000000000000178 ) ) ;
#1892 = ORIENTED_EDGE ( 'NONE', *, *, #2092, .F. ) ;
#1893 = ORIENTED_EDGE ( 'NONE', *, *, #2313, .T. ) ;
#1894 = EDGE_CURVE ( 'NONE', #2578, #1633, #1239, .T. ) ;
#1895 = CARTESIAN_POINT ( 'NONE',  ( 170.1187595386153646, -121.7110337092004357, 8.200000000000001066 ) ) ;
#1896 = ORIENTED_EDGE ( 'NONE', *, *, #297, .F. ) ;
#1897 = DIRECTION ( 'NONE',  ( -0.003205111335505743484, -0.9999948636174722516, 0.000000000000000000 ) ) ;
#1898 = EDGE_CURVE ( 'NONE', #2633, #2009, #2395, .T. ) ;
#1899 = ORIENTED_EDGE ( 'NONE', *, *, #1327, .F. ) ;
#1900 = DIRECTION ( 'NONE',  ( -1.000000000000000000, 0.000000000000000000, 0.000000000000000000 ) ) ;
#1901 = ORIENTED_EDGE ( 'NONE', *, *, #1743, .T. ) ;
#1902 = CARTESIAN_POINT ( 'NONE',  ( 116.7394182700624015, -41.24114313905679552, 3.200000000000000178 ) ) ;
#1903 = CARTESIAN_POINT ( 'NONE',  ( 215.0713506386153711, -125.4864751092004411, 7.200000000000000178 ) ) ;
#1904 = CARTESIAN_POINT ( 'NONE',  ( 251.7482171383261687, -107.1651874455542668, -2.299999999999999378 ) ) ;
#1905 = EDGE_LOOP ( 'NONE', ( #1023, #2436, #301, #553 ) ) ;
#1906 = VECTOR ( 'NONE', #1945, 1000.000000000000114 ) ;
#1907 = EDGE_CURVE ( 'NONE', #507, #2774, #1005, .T. ) ;
#1908 = CARTESIAN_POINT ( 'NONE',  ( 280.2148177401918474, -91.74031134969573031, 4.159359701202597570 ) ) ;
#1909 = AXIS2_PLACEMENT_3D ( 'NONE', #203, #1618, #1603 ) ;
#1910 = VERTEX_POINT ( 'NONE', #779 ) ;
#1911 = AXIS2_PLACEMENT_3D ( 'NONE', #467, #1087, #2747 ) ;
#1912 = EDGE_CURVE ( 'NONE', #1799, #731, #1742, .T. ) ;
#1913 = DIRECTION ( 'NONE',  ( -0.000000000000000000, -0.000000000000000000, 1.000000000000000000 ) ) ;
#1914 = ORIENTED_EDGE ( 'NONE', *, *, #2514, .T. ) ;
#1915 = DIRECTION ( 'NONE',  ( 0.3162277687544236549, 0.9486832971379851598, 0.000000000000000000 ) ) ;
#1916 = ORIENTED_EDGE ( 'NONE', *, *, #236, .T. ) ;
#1917 = CARTESIAN_POINT ( 'NONE',  ( 215.0676486397808560, -125.4877331704485925, 3.200000000000000178 ) ) ;
#1918 = CARTESIAN_POINT ( 'NONE',  ( 277.5814386974133754, -70.47828436801889040, 8.200000000000001066 ) ) ;
#1919 = DIRECTION ( 'NONE',  ( 0.000000000000000000, 0.000000000000000000, -1.000000000000000000 ) ) ;
#1920 = ORIENTED_EDGE ( 'NONE', *, *, #890, .T. ) ;
#1921 = LINE ( 'NONE', #104, #1732 ) ;
#1922 = ADVANCED_FACE ( 'NONE', ( #579 ), #1707, .F. ) ;
#1923 = DIRECTION ( 'NONE',  ( -0.000000000000000000, -0.000000000000000000, -1.000000000000000000 ) ) ;
#1924 = VERTEX_POINT ( 'NONE', #2176 ) ;
#1925 = VECTOR ( 'NONE', #2732, 1000.000000000000000 ) ;
#1926 = LINE ( 'NONE', #2354, #1627 ) ;
#1927 = ORIENTED_EDGE ( 'NONE', *, *, #1082, .F. ) ;
#1928 = PLANE ( 'NONE',  #612 ) ;
#1929 = VERTEX_POINT ( 'NONE', #1480 ) ;
#1930 = DIRECTION ( 'NONE',  ( -1.000000000000000000, 0.000000000000000000, -0.000000000000000000 ) ) ;
#1931 = DIRECTION ( 'NONE',  ( -1.000000000000000000, 0.000000000000000000, 0.000000000000000000 ) ) ;
#1932 = DIRECTION ( 'NONE',  ( -0.000000000000000000, -0.000000000000000000, -1.000000000000000000 ) ) ;
#1933 = VERTEX_POINT ( 'NONE', #121 ) ;
#1934 = PLANE ( 'NONE',  #2559 ) ;
#1935 = EDGE_CURVE ( 'NONE', #64, #731, #1053, .T. ) ;
#1936 = CARTESIAN_POINT ( 'NONE',  ( 237.9347671849628227, -44.50546261256457825, 1.700000000000000178 ) ) ;
#1937 = ORIENTED_EDGE ( 'NONE', *, *, #1935, .T. ) ;
#1938 = CARTESIAN_POINT ( 'NONE',  ( 215.3224282357883510, -122.4970002428605085, 8.200000000000001066 ) ) ;
#1939 = ORIENTED_EDGE ( 'NONE', *, *, #1565, .T. ) ;
#1940 = FACE_OUTER_BOUND ( 'NONE', #548, .T. ) ;
#1941 = EDGE_LOOP ( 'NONE', ( #109, #945, #2801, #1375 ) ) ;
#1942 = PLANE ( 'NONE',  #1875 ) ;
#1943 = LINE ( 'NONE', #1249, #262 ) ;
#1944 = DIRECTION ( 'NONE',  ( 0.000000000000000000, 0.000000000000000000, -1.000000000000000000 ) ) ;
#1945 = DIRECTION ( 'NONE',  ( 0.3162277687544236549, 0.9486832971379851598, 0.000000000000000000 ) ) ;
#1946 = ORIENTED_EDGE ( 'NONE', *, *, #2514, .F. ) ;
#1947 = LINE ( 'NONE', #593, #2115 ) ;
#1948 = CARTESIAN_POINT ( 'NONE',  ( 270.5525399578889392, -120.7271444177832365, 3.200000000000000178 ) ) ;
#1949 = VECTOR ( 'NONE', #1105, 1000.000000000000000 ) ;
#1950 = ORIENTED_EDGE ( 'NONE', *, *, #1672, .F. ) ;
#1951 = DIRECTION ( 'NONE',  ( -1.000000000000000000, 0.000000000000000000, 0.000000000000000000 ) ) ;
#1952 = ORIENTED_EDGE ( 'NONE', *, *, #2025, .T. ) ;
#1953 = PLANE ( 'NONE',  #2006 ) ;
#1954 = ORIENTED_EDGE ( 'NONE', *, *, #1870, .T. ) ;
#1955 = VECTOR ( 'NONE', #1765, 1000.000000000000000 ) ;
#1956 = CARTESIAN_POINT ( 'NONE',  ( 123.3910694386153750, -114.7110337319886213, 7.200000000000000178 ) ) ;
#1957 = DIRECTION ( 'NONE',  ( 1.000000000000000000, 0.000000000000000000, 0.000000000000000000 ) ) ;
#1958 = ADVANCED_FACE ( 'NONE', ( #348 ), #2192, .T. ) ;
#1959 = CARTESIAN_POINT ( 'NONE',  ( 123.3910694386153750, -114.7110337319886213, 8.200000000000001066 ) ) ;
#1960 = ORIENTED_EDGE ( 'NONE', *, *, #327, .F. ) ;
#1961 = EDGE_CURVE ( 'NONE', #1176, #381, #1052, .T. ) ;
#1962 = DIRECTION ( 'NONE',  ( -0.000000000000000000, -0.000000000000000000, -1.000000000000000000 ) ) ;
#1963 = DIRECTION ( 'NONE',  ( -0.000000000000000000, -0.000000000000000000, 1.000000000000000000 ) ) ;
#1964 = CARTESIAN_POINT ( 'NONE',  ( 278.9403471373091179, -92.40144548877422892, 7.200000000000001066 ) ) ;
#1965 = ORIENTED_EDGE ( 'NONE', *, *, #640, .T. ) ;
#1966 = CARTESIAN_POINT ( 'NONE',  ( 215.2661759741341427, -125.5028379410515527, 3.199999999999999734 ) ) ;
#1967 = ADVANCED_FACE ( 'NONE', ( #2230 ), #1522, .T. ) ;
#1968 = AXIS2_PLACEMENT_3D ( 'NONE', #789, #604, #2927 ) ;
#1969 = VECTOR ( 'NONE', #554, 1000.000000000000000 ) ;
#1970 = ORIENTED_EDGE ( 'NONE', *, *, #850, .T. ) ;
#1971 = DIRECTION ( 'NONE',  ( 0.000000000000000000, 0.000000000000000000, -1.000000000000000000 ) ) ;
#1972 = EDGE_CURVE ( 'NONE', #1478, #117, #1578, .T. ) ;
#1973 = DIRECTION ( 'NONE',  ( 1.000000000000000000, -0.000000000000000000, -0.000000000000000000 ) ) ;
#1974 = CARTESIAN_POINT ( 'NONE',  ( 273.5814386734355139, -42.61295804477663296, 3.200000000000000178 ) ) ;
#1975 = AXIS2_PLACEMENT_3D ( 'NONE', #409, #1756, #2290 ) ;
#1976 = EDGE_LOOP ( 'NONE', ( #2523, #2498, #575, #2777 ) ) ;
#1977 = ADVANCED_FACE ( 'NONE', ( #1343 ), #2455, .F. ) ;
#1978 = DIRECTION ( 'NONE',  ( -0.000000000000000000, 0.000000000000000000, 1.000000000000000000 ) ) ;
#1979 = ADVANCED_FACE ( 'NONE', ( #873 ), #832, .T. ) ;
#1980 = VECTOR ( 'NONE', #738, 1000.000000000000000 ) ;
#1981 = CARTESIAN_POINT ( 'NONE',  ( 123.3836654409463591, -114.7135498544849241, 3.200000000000000178 ) ) ;
#1982 = CARTESIAN_POINT ( 'NONE',  ( 116.3911054158272833, -114.6885980319156175, 8.200000000000001066 ) ) ;
#1983 = ORIENTED_EDGE ( 'NONE', *, *, #1759, .F. ) ;
#1984 = CARTESIAN_POINT ( 'NONE',  ( 276.8387273237221962, -92.40144548877422892, 7.200000000000001066 ) ) ;
#1985 = ORIENTED_EDGE ( 'NONE', *, *, #790, .F. ) ;
#1986 = EDGE_CURVE ( 'NONE', #1633, #2708, #1786, .T. ) ;
#1987 = DIRECTION ( 'NONE',  ( 1.000000000000000000, 0.000000000000000000, 0.000000000000000000 ) ) ;
#1988 = VECTOR ( 'NONE', #2336, 1000.000000000000000 ) ;
#1989 = DIRECTION ( 'NONE',  ( 0.9999997944112106740, 0.0006412312659031846980, 0.000000000000000000 ) ) ;
#1990 = DIRECTION ( 'NONE',  ( -0.000000000000000000, -0.000000000000000000, 1.000000000000000000 ) ) ;
#1991 = ORIENTED_EDGE ( 'NONE', *, *, #2129, .F. ) ;
#1992 = CIRCLE ( 'NONE', #2099, 1.500000000000001332 ) ;
#1993 = DIRECTION ( 'NONE',  ( -0.000000000000000000, -0.000000000000000000, 1.000000000000000000 ) ) ;
#1994 = DIRECTION ( 'NONE',  ( 0.000000000000000000, 0.000000000000000000, 1.000000000000000000 ) ) ;
#1995 = EDGE_CURVE ( 'NONE', #1924, #2122, #1548, .T. ) ;
#1996 = EDGE_CURVE ( 'NONE', #238, #1535, #1297, .T. ) ;
#1997 = CARTESIAN_POINT ( 'NONE',  ( 251.7482171383261687, -80.09101708635411399, -2.299999999999999378 ) ) ;
#1998 = ORIENTED_EDGE ( 'NONE', *, *, #608, .T. ) ;
#1999 = FACE_OUTER_BOUND ( 'NONE', #1313, .T. ) ;
#2000 = ORIENTED_EDGE ( 'NONE', *, *, #1996, .F. ) ;
#2001 = EDGE_CURVE ( 'NONE', #898, #2837, #1442, .T. ) ;
#2002 = VECTOR ( 'NONE', #2859, 1000.000000000000114 ) ;
#2003 = CARTESIAN_POINT ( 'NONE',  ( 280.5740346952891855, -71.47828436801889040, 7.200000000000000178 ) ) ;
#2004 = DIRECTION ( 'NONE',  ( -1.000000000000000000, 0.000000000000000000, 0.000000000000000000 ) ) ;
#2005 = CARTESIAN_POINT ( 'NONE',  ( 273.5814386646840148, -89.52420073614051432, 8.200000000000001066 ) ) ;
#2006 = AXIS2_PLACEMENT_3D ( 'NONE', #137, #2168, #1056 ) ;
#2007 = VERTEX_POINT ( 'NONE', #151 ) ;
#2008 = CARTESIAN_POINT ( 'NONE',  ( 280.5740346952891855, -89.52671685863680295, 3.200000000000000178 ) ) ;
#2009 = VERTEX_POINT ( 'NONE', #445 ) ;
#2010 = DIRECTION ( 'NONE',  ( 1.000000000000000000, 0.000000000000000000, 0.000000000000000000 ) ) ;
#2011 = DIRECTION ( 'NONE',  ( -0.3162277687544236549, -0.9486832971379851598, 0.000000000000000000 ) ) ;
#2012 = EDGE_LOOP ( 'NONE', ( #1162, #1983, #867, #1422 ) ) ;
#2013 = DIRECTION ( 'NONE',  ( -0.000000000000000000, -0.000000000000000000, 1.000000000000000000 ) ) ;
#2014 = EDGE_LOOP ( 'NONE', ( #260, #1094, #967, #768 ) ) ;
#2015 = DIRECTION ( 'NONE',  ( -0.000000000000000000, -0.000000000000000000, -1.000000000000000000 ) ) ;
#2016 = VECTOR ( 'NONE', #1801, 1000.000000000000000 ) ;
#2017 = PLANE ( 'NONE',  #1836 ) ;
#2018 = SURFACE_STYLE_FILL_AREA ( #1089 ) ;
#2019 = DIRECTION ( 'NONE',  ( -1.000000000000000000, 0.000000000000000000, -0.000000000000000000 ) ) ;
#2020 = AXIS2_PLACEMENT_3D ( 'NONE', #2335, #1125, #22 ) ;
#2021 = CIRCLE ( 'NONE', #1833, 1.500000000000001332 ) ;
#2022 = LINE ( 'NONE', #2486, #2544 ) ;
#2023 = CARTESIAN_POINT ( 'NONE',  ( 0.000000000000000000, -118.7110337046811708, 8.200000000000001066 ) ) ;
#2024 = ORIENTED_EDGE ( 'NONE', *, *, #811, .T. ) ;
#2025 = EDGE_CURVE ( 'NONE', #501, #1535, #138, .T. ) ;
#2026 = CARTESIAN_POINT ( 'NONE',  ( 0.000000000000000000, 0.000000000000000000, 0.000000000000000000 ) ) ;
#2027 = CONICAL_SURFACE ( 'NONE', #2127, 5.999999977211817104, 0.7853981633974396193 ) ;
#2028 = CARTESIAN_POINT ( 'NONE',  ( 119.7574821933130380, -0.3838380352283924934, 3.200000000000000178 ) ) ;
#2029 = ORIENTED_EDGE ( 'NONE', *, *, #2749, .F. ) ;
#2030 = CARTESIAN_POINT ( 'NONE',  ( 142.9347671849628227, -61.60546261256457967, 1.700000000000000178 ) ) ;
#2031 = VERTEX_POINT ( 'NONE', #1109 ) ;
#2032 = ORIENTED_EDGE ( 'NONE', *, *, #2231, .F. ) ;
#2033 = CARTESIAN_POINT ( 'NONE',  ( 266.8082244006312180, -80.09101708635411399, -2.299999999999999378 ) ) ;
#2034 = CARTESIAN_POINT ( 'NONE',  ( 119.7574821933130380, -0.3838380352283924934, 8.200000000000001066 ) ) ;
#2035 = CARTESIAN_POINT ( 'NONE',  ( 123.6105935560956226, -36.71163418123941824, 8.200000000000001066 ) ) ;
#2036 = DIRECTION ( 'NONE',  ( 0.000000000000000000, -0.7071067811865426878, -0.7071067811865524577 ) ) ;
#2037 =( NAMED_UNIT ( * ) PLANE_ANGLE_UNIT ( ) SI_UNIT ( $, .RADIAN. ) );
#2038 = CARTESIAN_POINT ( 'NONE',  ( 170.1150575397808495, -121.7122917704485872, 3.200000000000000178 ) ) ;
#2039 = ORIENTED_EDGE ( 'NONE', *, *, #1077, .T. ) ;
#2040 = CARTESIAN_POINT ( 'NONE',  ( 277.5814386974133754, -42.61295804477663296, 8.200000000000001066 ) ) ;
#2041 = CARTESIAN_POINT ( 'NONE',  ( 273.5701873560956301, -36.61547538123942047, 8.200000000000001066 ) ) ;
#2042 = VERTEX_POINT ( 'NONE', #847 ) ;
#2043 = CARTESIAN_POINT ( 'NONE',  ( 123.3910694386153750, -120.7110337092004499, 8.200000000000001066 ) ) ;
#2044 = FACE_OUTER_BOUND ( 'NONE', #1881, .T. ) ;
#2045 = ORIENTED_EDGE ( 'NONE', *, *, #2946, .F. ) ;
#2046 = CARTESIAN_POINT ( 'NONE',  ( 145.9347671849628227, -61.60546261256457967, 1.700000000000000178 ) ) ;
#2047 = AXIS2_PLACEMENT_3D ( 'NONE', #2647, #1919, #73 ) ;
#2048 = CARTESIAN_POINT ( 'NONE',  ( 125.1764707090654554, -113.4260893411192797, -1.000000000000000000 ) ) ;
#2049 = DIRECTION ( 'NONE',  ( -1.000000000000000000, 0.000000000000000000, 0.000000000000000000 ) ) ;
#2050 = VECTOR ( 'NONE', #928, 1000.000000000000000 ) ;
#2051 = LINE ( 'NONE', #443, #2346 ) ;
#2052 = CARTESIAN_POINT ( 'NONE',  ( 121.3657572514805736, -36.08245731344753437, 3.200000000000000178 ) ) ;
#2053 = ORIENTED_EDGE ( 'NONE', *, *, #105, .T. ) ;
#2054 = VECTOR ( 'NONE', #2484, 1000.000000000000000 ) ;
#2055 = CARTESIAN_POINT ( 'NONE',  ( -8.707902037735687273, -103.6813246517560998, 3.200000000000000178 ) ) ;
#2056 = DIRECTION ( 'NONE',  ( 0.000000000000000000, 0.000000000000000000, 1.000000000000000000 ) ) ;
#2057 = ORIENTED_EDGE ( 'NONE', *, *, #2157, .F. ) ;
#2058 = DIRECTION ( 'NONE',  ( -1.000000000000000000, 0.000000000000000000, 0.000000000000000000 ) ) ;
#2059 = DIRECTION ( 'NONE',  ( -0.000000000000000000, -0.000000000000000000, 1.000000000000000000 ) ) ;
#2060 = VERTEX_POINT ( 'NONE', #2038 ) ;
#2061 = DIRECTION ( 'NONE',  ( -0.000000000000000000, 0.000000000000000000, 1.000000000000000000 ) ) ;
#2062 = DIRECTION ( 'NONE',  ( 1.000000000000000000, 0.000000000000000000, 0.000000000000000000 ) ) ;
#2063 = DIRECTION ( 'NONE',  ( -1.000000000000000000, 0.000000000000000000, 0.000000000000000000 ) ) ;
#2064 = EDGE_CURVE ( 'NONE', #507, #1579, #2021, .T. ) ;
#2065 = EDGE_CURVE ( 'NONE', #2882, #937, #1066, .T. ) ;
#2066 = DIRECTION ( 'NONE',  ( -0.000000000000000000, 0.000000000000000000, 1.000000000000000000 ) ) ;
#2067 = CIRCLE ( 'NONE', #1342, 7.000000006650283879 ) ;
#2068 = DIRECTION ( 'NONE',  ( 0.000000000000000000, -1.000000000000000000, 0.000000000000000000 ) ) ;
#2069 = ORIENTED_EDGE ( 'NONE', *, *, #811, .F. ) ;
#2070 = EDGE_CURVE ( 'NONE', #285, #1295, #2919, .T. ) ;
#2071 = DIRECTION ( 'NONE',  ( 0.9964916266020813485, -0.08369252124256923442, 0.000000000000000000 ) ) ;
#2072 = VECTOR ( 'NONE', #2429, 1000.000000000000000 ) ;
#2073 = DIRECTION ( 'NONE',  ( -0.9967666367285378248, 0.08035092970762190701, 0.000000000000000000 ) ) ;
#2074 = VERTEX_POINT ( 'NONE', #1312 ) ;
#2075 = DIRECTION ( 'NONE',  ( -0.000000000000000000, -0.000000000000000000, -1.000000000000000000 ) ) ;
#2076 = ORIENTED_EDGE ( 'NONE', *, *, #490, .T. ) ;
#2077 = LINE ( 'NONE', #1573, #1081 ) ;
#2078 = ORIENTED_EDGE ( 'NONE', *, *, #2634, .F. ) ;
#2079 = DIRECTION ( 'NONE',  ( 1.000000000000000000, 0.000000000000000000, 0.000000000000000000 ) ) ;
#2080 = CARTESIAN_POINT ( 'NONE',  ( 119.3910900113080089, -114.6982133319011012, 8.200000000000001066 ) ) ;
#2081 = DIRECTION ( 'NONE',  ( 0.000000000000000000, 0.000000000000000000, -1.000000000000000000 ) ) ;
#2082 = ORIENTED_EDGE ( 'NONE', *, *, #890, .F. ) ;
#2083 = EDGE_CURVE ( 'NONE', #1196, #370, #1298, .T. ) ;
#2084 = CARTESIAN_POINT ( 'NONE',  ( 276.7006561350292486, -92.81565905114732118, 8.200000000000001066 ) ) ;
#2085 = EDGE_CURVE ( 'NONE', #780, #1631, #373, .T. ) ;
#2086 = VECTOR ( 'NONE', #386, 1000.000000000000000 ) ;
#2087 = ORIENTED_EDGE ( 'NONE', *, *, #1681, .F. ) ;
#2088 = CARTESIAN_POINT ( 'NONE',  ( 261.5626038935362772, -118.3332827187243197, -1.000000000000000000 ) ) ;
#2089 = ORIENTED_EDGE ( 'NONE', *, *, #1025, .F. ) ;
#2090 = FACE_OUTER_BOUND ( 'NONE', #2314, .T. ) ;
#2091 = B_SPLINE_CURVE_WITH_KNOTS ( 'NONE', 3,
 ( #2526, #568, #99, #2869, #1688, #785, #2358, #342, #278, #1716 ),
 .UNSPECIFIED., .F., .F.,
 ( 4, 2, 2, 2, 4 ),
 ( 0.000000000000000000, 0.2500000000000000000, 0.5000000000000000000, 0.7500000000000000000, 1.000000000000000000 ),
 .UNSPECIFIED. ) ;
#2092 = EDGE_CURVE ( 'NONE', #51, #1693, #1538, .T. ) ;
#2093 = VERTEX_POINT ( 'NONE', #634 ) ;
#2094 = CYLINDRICAL_SURFACE ( 'NONE', #482, 1.500000000000001332 ) ;
#2095 = CARTESIAN_POINT ( 'NONE',  ( 123.6144409437743974, -42.71163307370448337, -3.000000000000000000 ) ) ;
#2096 = CARTESIAN_POINT ( 'NONE',  ( 280.5740346952891855, -89.52671685863685980, -3.000000000000000000 ) ) ;
#2097 = ORIENTED_EDGE ( 'NONE', *, *, #15, .F. ) ;
#2098 = VECTOR ( 'NONE', #776, 1000.000000000000114 ) ;
#2099 = AXIS2_PLACEMENT_3D ( 'NONE', #2533, #2056, #909 ) ;
#2100 = AXIS2_PLACEMENT_3D ( 'NONE', #1121, #701, #657 ) ;
#2101 = DIRECTION ( 'NONE',  ( -0.000000000000000000, 0.000000000000000000, 1.000000000000000000 ) ) ;
#2102 = VERTEX_POINT ( 'NONE', #1325 ) ;
#2103 = EDGE_CURVE ( 'NONE', #1664, #569, #2511, .T. ) ;
#2104 = DIRECTION ( 'NONE',  ( 0.000000000000000000, -1.000000000000000000, 0.000000000000000000 ) ) ;
#2105 = ORIENTED_EDGE ( 'NONE', *, *, #2223, .T. ) ;
#2106 = CARTESIAN_POINT ( 'NONE',  ( 272.3614855999999804, -44.03324640999999673, -1.000000000000000000 ) ) ;
#2107 = ADVANCED_FACE ( 'NONE', ( #2491 ), #1361, .F. ) ;
#2108 = ORIENTED_EDGE ( 'NONE', *, *, #239, .T. ) ;
#2109 = CARTESIAN_POINT ( 'NONE',  ( 123.3910694386153750, -121.7110337092004357, 7.200000000000000178 ) ) ;
#2110 = CARTESIAN_POINT ( 'NONE',  ( 277.3761718479358365, -90.78911193055776607, 4.159359701202597570 ) ) ;
#2111 = CARTESIAN_POINT ( 'NONE',  ( 273.5740346670150416, -89.52671685863680295, 0.000000000000000000 ) ) ;
#2112 = ORIENTED_EDGE ( 'NONE', *, *, #623, .F. ) ;
#2113 = ORIENTED_EDGE ( 'NONE', *, *, #2854, .F. ) ;
#2114 = VECTOR ( 'NONE', #2462, 1000.000000000000000 ) ;
#2115 = VECTOR ( 'NONE', #2651, 1000.000000000000000 ) ;
#2116 = VECTOR ( 'NONE', #519, 1000.000000000000000 ) ;
#2117 = CARTESIAN_POINT ( 'NONE',  ( 116.6218807702438625, -42.68668113403268194, 8.200000000000001066 ) ) ;
#2118 = PRODUCT ( 'leftcasebottomv3', 'leftcasebottomv3', '', ( #2292 ) ) ;
#2119 = CIRCLE ( 'NONE', #389, 4.000000032729323252 ) ;
#2120 = EDGE_LOOP ( 'NONE', ( #1043, #2643, #1110, #351 ) ) ;
#2121 = LINE ( 'NONE', #1008, #714 ) ;
#2122 = VERTEX_POINT ( 'NONE', #25 ) ;
#2123 = LINE ( 'NONE', #1180, #2975 ) ;
#2124 = AXIS2_PLACEMENT_3D ( 'NONE', #1124, #2779, #2062 ) ;
#2125 = ORIENTED_EDGE ( 'NONE', *, *, #1847, .T. ) ;
#2126 = DIRECTION ( 'NONE',  ( -1.000000000000000000, 0.000000000000000000, 0.000000000000000000 ) ) ;
#2127 = AXIS2_PLACEMENT_3D ( 'NONE', #615, #2215, #110 ) ;
#2128 = DIRECTION ( 'NONE',  ( 0.000000000000000000, 0.000000000000000000, 1.000000000000000000 ) ) ;
#2129 = EDGE_CURVE ( 'NONE', #1153, #1502, #2483, .T. ) ;
#2130 = DIRECTION ( 'NONE',  ( 0.0006412312663307873127, -0.9999997944112104520, 0.000000000000000000 ) ) ;
#2131 = ORIENTED_EDGE ( 'NONE', *, *, #1660, .T. ) ;
#2132 = VERTEX_POINT ( 'NONE', #693 ) ;
#2133 = VECTOR ( 'NONE', #775, 1000.000000000000000 ) ;
#2134 = CARTESIAN_POINT ( 'NONE',  ( 215.1550431669712395, -124.4899834831958145, 8.200000000000001066 ) ) ;
#2135 = VERTEX_POINT ( 'NONE', #1609 ) ;
#2136 = DIRECTION ( 'NONE',  ( 1.000000000000000000, 0.000000000000000000, -0.000000000000000000 ) ) ;
#2137 = ORIENTED_EDGE ( 'NONE', *, *, #1894, .F. ) ;
#2138 = CARTESIAN_POINT ( 'NONE',  ( 251.7482171383261687, -65.53865051828402954, 3.200000000000000178 ) ) ;
#2139 = ORIENTED_EDGE ( 'NONE', *, *, #1491, .F. ) ;
#2140 = CARTESIAN_POINT ( 'NONE',  ( 270.5525399578889392, -120.7271444177832365, 0.000000000000000000 ) ) ;
#2141 = PLANE ( 'NONE',  #1750 ) ;
#2142 = DIRECTION ( 'NONE',  ( -1.000000000000000000, 0.000000000000000000, 0.000000000000000000 ) ) ;
#2143 = ORIENTED_EDGE ( 'NONE', *, *, #208, .T. ) ;
#2144 = AXIS2_PLACEMENT_3D ( 'NONE', #572, #2130, #1476 ) ;
#2145 = DIRECTION ( 'NONE',  ( 0.2271454512485693578, -0.6696307250754161000, 0.7071065238081575277 ) ) ;
#2146 = DIRECTION ( 'NONE',  ( 1.000000000000000000, 0.000000000000000000, 0.000000000000000000 ) ) ;
#2147 = AXIS2_PLACEMENT_3D ( 'NONE', #2769, #9, #178 ) ;
#2148 = ORIENTED_EDGE ( 'NONE', *, *, #2650, .F. ) ;
#2149 = VECTOR ( 'NONE', #1915, 1000.000000000000114 ) ;
#2150 = FACE_OUTER_BOUND ( 'NONE', #2586, .T. ) ;
#2151 = ORIENTED_EDGE ( 'NONE', *, *, #2001, .F. ) ;
#2152 = LINE ( 'NONE', #1634, #2149 ) ;
#2153 = ORIENTED_EDGE ( 'NONE', *, *, #1615, .F. ) ;
#2154 = FACE_OUTER_BOUND ( 'NONE', #2399, .T. ) ;
#2155 = DIRECTION ( 'NONE',  ( 0.05917955433507324225, 0.7046259861434951421, 0.7071067811865539010 ) ) ;
#2156 = CARTESIAN_POINT ( 'NONE',  ( 279.5740346952891855, -42.61547415987055132, 8.200000000000001066 ) ) ;
#2157 = EDGE_CURVE ( 'NONE', #937, #1295, #2796, .T. ) ;
#2158 = ORIENTED_EDGE ( 'NONE', *, *, #2760, .F. ) ;
#2159 = CARTESIAN_POINT ( 'NONE',  ( 176.1647671849628125, -101.5054626125645996, 1.700000000000000178 ) ) ;
#2160 = EDGE_CURVE ( 'NONE', #2435, #1569, #734, .T. ) ;
#2161 = CARTESIAN_POINT ( 'NONE',  ( 277.5814386974133754, -71.47828436801889040, 7.200000000000001066 ) ) ;
#2162 = CIRCLE ( 'NONE', #574, 1.500000000000001332 ) ;
#2163 = ORIENTED_EDGE ( 'NONE', *, *, #1226, .T. ) ;
#2164 = VECTOR ( 'NONE', #2861, 1000.000000000000000 ) ;
#2165 = CIRCLE ( 'NONE', #1364, 6.000000000000060396 ) ;
#2166 = LINE ( 'NONE', #2179, #2264 ) ;
#2167 = ORIENTED_EDGE ( 'NONE', *, *, #2001, .T. ) ;
#2168 = DIRECTION ( 'NONE',  ( 0.08369252248582008391, 0.9964916264976643179, -0.000000000000000000 ) ) ;
#2169 = EDGE_LOOP ( 'NONE', ( #1946, #2797, #1009, #1654 ) ) ;
#2170 = DIRECTION ( 'NONE',  ( -0.9964916264976642069, 0.08369252248582007003, 0.000000000000000000 ) ) ;
#2171 = CARTESIAN_POINT ( 'NONE',  ( 123.6218448224775273, -42.70911683193691033, 3.200000000000000178 ) ) ;
#2172 = CARTESIAN_POINT ( 'NONE',  ( 251.7482171383261687, -65.53865051828402954, -2.299999999999999378 ) ) ;
#2173 = CARTESIAN_POINT ( 'NONE',  ( 277.5814386974133754, -70.47828436801889040, 7.200000000000001066 ) ) ;
#2174 = ORIENTED_EDGE ( 'NONE', *, *, #706, .T. ) ;
#2175 = CARTESIAN_POINT ( 'NONE',  ( 116.3837014181582816, -114.6911141544119062, -3.000000000000000000 ) ) ;
#2176 = CARTESIAN_POINT ( 'NONE',  ( 280.5740346952891855, -89.52671685863685980, 4.159359701202597570 ) ) ;
#2177 = EDGE_LOOP ( 'NONE', ( #1668, #2657 ) ) ;
#2178 = EDGE_CURVE ( 'NONE', #2512, #257, #708, .T. ) ;
#2179 = CARTESIAN_POINT ( 'NONE',  ( 119.7574821933130380, -0.3838380352283924934, 8.200000000000001066 ) ) ;
#2180 = ORIENTED_EDGE ( 'NONE', *, *, #897, .T. ) ;
#2181 = LINE ( 'NONE', #1501, #2425 ) ;
#2182 = EDGE_CURVE ( 'NONE', #2888, #2368, #2546, .T. ) ;
#2183 = ORIENTED_EDGE ( 'NONE', *, *, #2025, .F. ) ;
#2184 = LINE ( 'NONE', #732, #1969 ) ;
#2185 = CARTESIAN_POINT ( 'NONE',  ( 123.3910694386153750, -114.7110337319886213, 8.200000000000001066 ) ) ;
#2186 = ADVANCED_FACE ( 'NONE', ( #2808 ), #1845, .T. ) ;
#2187 = FACE_OUTER_BOUND ( 'NONE', #446, .T. ) ;
#2188 = LINE ( 'NONE', #558, #1906 ) ;
#2189 = ORIENTED_EDGE ( 'NONE', *, *, #1887, .F. ) ;
#2190 = LINE ( 'NONE', #1037, #1195 ) ;
#2191 = EDGE_CURVE ( 'NONE', #370, #1868, #2348, .T. ) ;
#2192 = CYLINDRICAL_SURFACE ( 'NONE', #2995, 6.999999977211804669 ) ;
#2193 = VECTOR ( 'NONE', #1338, 1000.000000000000227 ) ;
#2194 = LINE ( 'NONE', #1286, #2016 ) ;
#2195 = EDGE_CURVE ( 'NONE', #2708, #1804, #1639, .T. ) ;
#2196 = VERTEX_POINT ( 'NONE', #1857 ) ;
#2197 = FACE_OUTER_BOUND ( 'NONE', #1830, .T. ) ;
#2198 = EDGE_CURVE ( 'NONE', #164, #2789, #1872, .T. ) ;
#2199 = ADVANCED_FACE ( 'NONE', ( #2323 ), #264, .F. ) ;
#2200 = ORIENTED_EDGE ( 'NONE', *, *, #590, .F. ) ;
#2201 = AXIS2_PLACEMENT_3D ( 'NONE', #326, #2662, #2885 ) ;
#2202 = CIRCLE ( 'NONE', #893, 7.000000019522667927 ) ;
#2203 = ORIENTED_EDGE ( 'NONE', *, *, #279, .T. ) ;
#2204 = EDGE_CURVE ( 'NONE', #2060, #1804, #2585, .T. ) ;
#2205 = DIRECTION ( 'NONE',  ( -1.000000000000000000, 0.000000000000000000, 0.000000000000000000 ) ) ;
#2206 = EDGE_CURVE ( 'NONE', #2610, #1253, #2443, .T. ) ;
#2207 = CARTESIAN_POINT ( 'NONE',  ( 270.5740346952891855, -71.47828436801889040, 4.159359701202597570 ) ) ;
#2208 = DIRECTION ( 'NONE',  ( 0.7071031492153371234, -0.002266356048560819614, 0.7071067811865573427 ) ) ;
#2209 = ORIENTED_EDGE ( 'NONE', *, *, #2408, .F. ) ;
#2210 = DIRECTION ( 'NONE',  ( -0.000000000000000000, -0.000000000000000000, 1.000000000000000000 ) ) ;
#2211 = DIRECTION ( 'NONE',  ( -0.000000000000000000, 0.000000000000000000, 1.000000000000000000 ) ) ;
#2212 = EDGE_CURVE ( 'NONE', #1055, #898, #2360, .T. ) ;
#2213 = CYLINDRICAL_SURFACE ( 'NONE', #2241, 1.500000000000001332 ) ;
#2214 = VERTEX_POINT ( 'NONE', #2052 ) ;
#2215 = DIRECTION ( 'NONE',  ( 0.000000000000000000, 0.000000000000000000, -1.000000000000000000 ) ) ;
#2216 = VECTOR ( 'NONE', #589, 999.9999999999998863 ) ;
#2217 = AXIS2_PLACEMENT_3D ( 'NONE', #1359, #1142, #690 ) ;
#2218 = ORIENTED_EDGE ( 'NONE', *, *, #787, .T. ) ;
#2219 = ORIENTED_EDGE ( 'NONE', *, *, #1123, .F. ) ;
#2220 = CARTESIAN_POINT ( 'NONE',  ( 121.3658164029241533, -36.08262938659520103, 7.200000000000000178 ) ) ;
#2221 = LINE ( 'NONE', #856, #2216 ) ;
#2222 = CARTESIAN_POINT ( 'NONE',  ( 116.4680305339661430, -90.68795906595468637, 3.199999999999997957 ) ) ;
#2223 = EDGE_CURVE ( 'NONE', #64, #592, #555, .T. ) ;
#2224 = ORIENTED_EDGE ( 'NONE', *, *, #897, .F. ) ;
#2225 = ADVANCED_FACE ( 'NONE', ( #1829 ), #936, .F. ) ;
#2226 = AXIS2_PLACEMENT_3D ( 'NONE', #439, #1337, #2525 ) ;
#2227 = DIRECTION ( 'NONE',  ( -0.000000000000000000, 0.000000000000000000, 1.000000000000000000 ) ) ;
#2228 = B_SPLINE_CURVE_WITH_KNOTS ( 'NONE', 3,
 ( #1136, #1541, #402, #1317 ),
 .UNSPECIFIED., .F., .F.,
 ( 4, 4 ),
 ( 0.000000000000000000, 1.000000000000000000 ),
 .UNSPECIFIED. ) ;
#2229 = AXIS2_PLACEMENT_3D ( 'NONE', #566, #584, #1484 ) ;
#2230 = FACE_OUTER_BOUND ( 'NONE', #2344, .T. ) ;
#2231 = EDGE_CURVE ( 'NONE', #2608, #2132, #1401, .T. ) ;
#2232 = CARTESIAN_POINT ( 'NONE',  ( 144.4347671849628227, -61.60546261256457967, 1.700000000000000178 ) ) ;
#2233 = VERTEX_POINT ( 'NONE', #249 ) ;
#2234 = DIRECTION ( 'NONE',  ( 1.000000000000000000, 0.000000000000000000, -0.000000000000000000 ) ) ;
#2235 = ORIENTED_EDGE ( 'NONE', *, *, #1218, .T. ) ;
#2236 = LINE ( 'NONE', #1307, #1815 ) ;
#2237 = CIRCLE ( 'NONE', #2287, 6.000000000000005329 ) ;
#2238 = LINE ( 'NONE', #160, #2363 ) ;
#2239 = CARTESIAN_POINT ( 'NONE',  ( 123.3910694386153750, -121.7110337092004357, 7.200000000000000178 ) ) ;
#2240 = VERTEX_POINT ( 'NONE', #2308 ) ;
#2241 = AXIS2_PLACEMENT_3D ( 'NONE', #2232, #582, #2431 ) ;
#2242 = CARTESIAN_POINT ( 'NONE',  ( 176.1647671849628125, -101.5054626125645996, 1.700000000000000178 ) ) ;
#2243 = VERTEX_POINT ( 'NONE', #1703 ) ;
#2244 = DIRECTION ( 'NONE',  ( -0.000000000000000000, -0.000000000000000000, -1.000000000000000000 ) ) ;
#2245 = EDGE_LOOP ( 'NONE', ( #763, #874, #685, #2151 ) ) ;
#2246 = DIRECTION ( 'NONE',  ( -1.000000000000000000, -0.000000000000000000, -0.000000000000000000 ) ) ;
#2247 = VERTEX_POINT ( 'NONE', #1461 ) ;
#2248 = AXIS2_PLACEMENT_3D ( 'NONE', #677, #922, #2560 ) ;
#2249 = CARTESIAN_POINT ( 'NONE',  ( 273.5740346757665407, -42.61547416727292870, 3.200000000000000178 ) ) ;
#2250 = LINE ( 'NONE', #2035, #2193 ) ;
#2251 = CARTESIAN_POINT ( 'NONE',  ( 123.6218448224775273, -42.70911683193691033, 8.200000000000001066 ) ) ;
#2252 = CIRCLE ( 'NONE', #27, 1.500000000000001332 ) ;
#2253 = EDGE_CURVE ( 'NONE', #2074, #592, #345, .T. ) ;
#2254 = CARTESIAN_POINT ( 'NONE',  ( 263.9154589390263368, -125.5122917884476124, 3.200000000000000178 ) ) ;
#2255 = CARTESIAN_POINT ( 'NONE',  ( 0.000000000000000000, -67.73842685996903867, -2.299999999999999378 ) ) ;
#2256 = ORIENTED_EDGE ( 'NONE', *, *, #489, .T. ) ;
#2257 = FACE_OUTER_BOUND ( 'NONE', #2730, .T. ) ;
#2258 = FACE_OUTER_BOUND ( 'NONE', #1819, .T. ) ;
#2259 = EDGE_LOOP ( 'NONE', ( #782, #2432, #2574, #336 ) ) ;
#2260 = CARTESIAN_POINT ( 'NONE',  ( 123.3836654409463591, -121.7135498316967244, -3.000000000000000000 ) ) ;
#2261 = ORIENTED_EDGE ( 'NONE', *, *, #2726, .F. ) ;
#2262 = CARTESIAN_POINT ( 'NONE',  ( 121.6870486976359444, -37.02963058447566169, 8.200000000000001066 ) ) ;
#2263 = VECTOR ( 'NONE', #2644, 1000.000000000000000 ) ;
#2264 = VECTOR ( 'NONE', #1897, 1000.000000000000114 ) ;
#2265 = CARTESIAN_POINT ( 'NONE',  ( 267.5626038935363340, -118.3332827187243197, -3.000000000000000000 ) ) ;
#2266 = LINE ( 'NONE', #1795, #509 ) ;
#2267 = CARTESIAN_POINT ( 'NONE',  ( 276.8752879905741224, -92.29176348919965278, 8.200000000000001066 ) ) ;
#2268 = AXIS2_PLACEMENT_3D ( 'NONE', #333, #1722, #1051 ) ;
#2269 = VECTOR ( 'NONE', #1963, 1000.000000000000000 ) ;
#2270 = CARTESIAN_POINT ( 'NONE',  ( 215.6534963390263613, -125.5122917884476124, 3.200000000000000178 ) ) ;
#2271 = DIRECTION ( 'NONE',  ( 0.000000000000000000, 0.000000000000000000, 1.000000000000000000 ) ) ;
#2272 = ORIENTED_EDGE ( 'NONE', *, *, #2631, .T. ) ;
#2273 = CARTESIAN_POINT ( 'NONE',  ( 277.5814386974133754, -89.52420074477660705, 4.159359701202597570 ) ) ;
#2274 = CIRCLE ( 'NONE', #965, 7.000000000000006217 ) ;
#2275 = CARTESIAN_POINT ( 'NONE',  ( 276.8752879905741224, -92.29176348919965278, 8.200000000000001066 ) ) ;
#2276 = ORIENTED_EDGE ( 'NONE', *, *, #1236, .F. ) ;
#2277 = PLANE ( 'NONE',  #1496 ) ;
#2278 = ORIENTED_EDGE ( 'NONE', *, *, #349, .T. ) ;
#2279 = ADVANCED_FACE ( 'NONE', ( #2824 ), #1507, .T. ) ;
#2280 = APPLICATION_CONTEXT ( 'automotive_design' ) ;
#2281 = PLANE ( 'NONE',  #848 ) ;
#2282 = ORIENTED_EDGE ( 'NONE', *, *, #1373, .T. ) ;
#2283 = CARTESIAN_POINT ( 'NONE',  ( 278.7667458005648200, -92.92224949399768263, 8.200000000000001066 ) ) ;
#2284 = CARTESIAN_POINT ( 'NONE',  ( 273.5740346670150416, -89.52671685863680295, 3.200000000000000178 ) ) ;
#2285 = CARTESIAN_POINT ( 'NONE',  ( 142.9347671849628227, -61.60546261256457967, 1.700000000000000178 ) ) ;
#2286 = DIRECTION ( 'NONE',  ( 0.000000000000000000, 0.000000000000000000, -1.000000000000000000 ) ) ;
#2287 = AXIS2_PLACEMENT_3D ( 'NONE', #722, #2842, #2359 ) ;
#2288 = EDGE_CURVE ( 'NONE', #731, #1153, #2188, .T. ) ;
#2289 = FACE_BOUND ( 'NONE', #2613, .T. ) ;
#2290 = DIRECTION ( 'NONE',  ( 1.000000000000000000, 0.000000000000000000, 0.000000000000000000 ) ) ;
#2291 = EDGE_LOOP ( 'NONE', ( #1382, #1721 ) ) ;
#2292 = PRODUCT_CONTEXT ( 'NONE', #2280, 'mechanical' ) ;
#2293 = EDGE_CURVE ( 'NONE', #1924, #1705, #1377, .T. ) ;
#2294 = CARTESIAN_POINT ( 'NONE',  ( 277.5814386974133754, -89.52420073614051432, 3.199999999999999734 ) ) ;
#2295 = ORIENTED_EDGE ( 'NONE', *, *, #2531, .T. ) ;
#2296 = LINE ( 'NONE', #2260, #1734 ) ;
#2297 = EDGE_CURVE ( 'NONE', #2009, #225, #1709, .T. ) ;
#2298 = EDGE_CURVE ( 'NONE', #923, #2849, #975, .T. ) ;
#2299 = DIRECTION ( 'NONE',  ( -1.000000000000000000, 0.000000000000000000, -0.000000000000000000 ) ) ;
#2300 = VERTEX_POINT ( 'NONE', #2843 ) ;
#2301 = DIRECTION ( 'NONE',  ( 0.000000000000000000, 0.000000000000000000, 1.000000000000000000 ) ) ;
#2302 = CIRCLE ( 'NONE', #1322, 4.000000032729323252 ) ;
#2303 = DIRECTION ( 'NONE',  ( 0.000000000000000000, -0.000000000000000000, -1.000000000000000000 ) ) ;
#2304 = CARTESIAN_POINT ( 'NONE',  ( 273.5814386734355139, -42.61295804477663296, 8.200000000000001066 ) ) ;
#2305 = EDGE_CURVE ( 'NONE', #164, #1221, #544, .T. ) ;
#2306 = AXIS2_PLACEMENT_3D ( 'NONE', #920, #872, #424 ) ;
#2307 = EDGE_CURVE ( 'NONE', #1472, #246, #1692, .T. ) ;
#2308 = CARTESIAN_POINT ( 'NONE',  ( 273.5788738224846384, -38.61295884310645476, 8.200000000000001066 ) ) ;
#2309 = EDGE_LOOP ( 'NONE', ( #586, #793, #846, #2738, #2727 ) ) ;
#2310 = DIRECTION ( 'NONE',  ( 1.000000000000000000, 0.000000000000000000, 0.000000000000000000 ) ) ;
#2311 = FACE_OUTER_BOUND ( 'NONE', #1214, .T. ) ;
#2312 = CARTESIAN_POINT ( 'NONE',  ( 273.5695461248292872, -35.61547558682823222, 7.200000000000000178 ) ) ;
#2313 = EDGE_CURVE ( 'NONE', #2387, #1745, #1201, .T. ) ;
#2314 = EDGE_LOOP ( 'NONE', ( #266, #1899, #354, #2696 ) ) ;
#2315 = DIRECTION ( 'NONE',  ( -0.000000000000000000, -0.7071067811865524577, 0.7071067811865425767 ) ) ;
#2316 = ORIENTED_EDGE ( 'NONE', *, *, #550, .F. ) ;
#2317 = CARTESIAN_POINT ( 'NONE',  ( 276.8387273237221962, -92.40144548877422892, 4.159359701202597570 ) ) ;
#2318 = FACE_OUTER_BOUND ( 'NONE', #822, .T. ) ;
#2319 = CARTESIAN_POINT ( 'NONE',  ( 280.5740346952891855, -71.47828436801889040, 7.200000000000000178 ) ) ;
#2320 = VECTOR ( 'NONE', #769, 1000.000000000000000 ) ;
#2321 =( LENGTH_UNIT ( ) NAMED_UNIT ( * ) SI_UNIT ( .MILLI., .METRE. ) );
#2322 = VECTOR ( 'NONE', #1237, 1000.000000000000000 ) ;
#2323 = FACE_OUTER_BOUND ( 'NONE', #1160, .T. ) ;
#2324 = ORIENTED_EDGE ( 'NONE', *, *, #2786, .T. ) ;
#2325 = ADVANCED_FACE ( 'NONE', ( #2391 ), #606, .T. ) ;
#2326 = EDGE_CURVE ( 'NONE', #1354, #739, #645, .T. ) ;
#2327 = CARTESIAN_POINT ( 'NONE',  ( 0.02359146873481113987, -36.79088204738239654, 8.200000000000001066 ) ) ;
#2328 = ADVANCED_FACE ( 'NONE', ( #300 ), #314, .F. ) ;
#2329 = DIRECTION ( 'NONE',  ( 0.000000000000000000, -1.000000000000000000, 0.000000000000000000 ) ) ;
#2330 = VERTEX_POINT ( 'NONE', #1904 ) ;
#2331 = DIRECTION ( 'NONE',  ( -0.000000000000000000, -0.000000000000000000, -1.000000000000000000 ) ) ;
#2332 = EDGE_LOOP ( 'NONE', ( #98, #1540, #2868, #1349 ) ) ;
#2333 = CARTESIAN_POINT ( 'NONE',  ( 170.1113555409463345, -121.7135498316967244, 3.200000000000000178 ) ) ;
#2334 = ORIENTED_EDGE ( 'NONE', *, *, #1547, .T. ) ;
#2335 = CARTESIAN_POINT ( 'NONE',  ( 239.4347671849628227, -44.50546261256457825, 1.700000000000000178 ) ) ;
#2336 = DIRECTION ( 'NONE',  ( -0.000000000000000000, -0.000000000000000000, -1.000000000000000000 ) ) ;
#2337 = DIRECTION ( 'NONE',  ( -0.000000000000000000, -0.000000000000000000, -1.000000000000000000 ) ) ;
#2338 = ORIENTED_EDGE ( 'NONE', *, *, #1491, .T. ) ;
#2339 = CARTESIAN_POINT ( 'NONE',  ( 251.7482171383261687, 0.000000000000000000, 3.200000000000000178 ) ) ;
#2340 = ORIENTED_EDGE ( 'NONE', *, *, #1879, .F. ) ;
#2341 = CARTESIAN_POINT ( 'NONE',  ( 215.6571983378608763, -125.5110337271994609, 7.200000000000000178 ) ) ;
#2342 = ORIENTED_EDGE ( 'NONE', *, *, #1752, .F. ) ;
#2343 = DIRECTION ( 'NONE',  ( -1.000000000000000000, 0.000000000000000000, -0.000000000000000000 ) ) ;
#2344 = EDGE_LOOP ( 'NONE', ( #1802, #1289, #2180 ) ) ;
#2345 = DIRECTION ( 'NONE',  ( 0.000000000000000000, 0.000000000000000000, -1.000000000000000000 ) ) ;
#2346 = VECTOR ( 'NONE', #2528, 1000.000000000000000 ) ;
#2347 = FACE_OUTER_BOUND ( 'NONE', #1512, .T. ) ;
#2348 = LINE ( 'NONE', #224, #2920 ) ;
#2349 = ORIENTED_EDGE ( 'NONE', *, *, #1101, .T. ) ;
#2350 = EDGE_CURVE ( 'NONE', #923, #390, #58, .T. ) ;
#2351 = CIRCLE ( 'NONE', #792, 6.000000000000005329 ) ;
#2352 = DIRECTION ( 'NONE',  ( -0.000000000000000000, 0.000000000000000000, 1.000000000000000000 ) ) ;
#2353 = ORIENTED_EDGE ( 'NONE', *, *, #1458, .F. ) ;
#2354 = CARTESIAN_POINT ( 'NONE',  ( 123.3836654409463591, -121.7135498316967244, 3.200000000000000178 ) ) ;
#2355 = ORIENTED_EDGE ( 'NONE', *, *, #66, .F. ) ;
#2356 = CARTESIAN_POINT ( 'NONE',  ( 0.000000000000000000, -67.73842685996903867, -2.299999999999999378 ) ) ;
#2357 = ORIENTED_EDGE ( 'NONE', *, *, #1894, .T. ) ;
#2358 = CARTESIAN_POINT ( 'NONE',  ( 119.8591099562252111, -120.8239948354379294, 3.200000000000000178 ) ) ;
#2359 = DIRECTION ( 'NONE',  ( -1.000000000000000000, 0.000000000000000000, 0.000000000000000000 ) ) ;
#2360 = LINE ( 'NONE', #1129, #2682 ) ;
#2361 = EDGE_LOOP ( 'NONE', ( #1481, #2448, #1416 ) ) ;
#2362 = ORIENTED_EDGE ( 'NONE', *, *, #2921, .T. ) ;
#2363 = VECTOR ( 'NONE', #2677, 1000.000000000000000 ) ;
#2364 = AXIS2_PLACEMENT_3D ( 'NONE', #857, #2916, #1321 ) ;
#2365 = AXIS2_PLACEMENT_3D ( 'NONE', #2706, #2515, #2010 ) ;
#2366 = FACE_OUTER_BOUND ( 'NONE', #1456, .T. ) ;
#2367 = VECTOR ( 'NONE', #106, 1000.000000000000000 ) ;
#2368 = VERTEX_POINT ( 'NONE', #1493 ) ;
#2369 = CARTESIAN_POINT ( 'NONE',  ( 0.000000000000000000, -80.09101708635411399, 3.200000000000000178 ) ) ;
#2370 = EDGE_LOOP ( 'NONE', ( #410, #84, #2880, #2955 ) ) ;
#2371 = CARTESIAN_POINT ( 'NONE',  ( -8.707902037735687273, -103.6813246517560998, 8.200000000000001066 ) ) ;
#2372 = ORIENTED_EDGE ( 'NONE', *, *, #1530, .F. ) ;
#2373 = DIRECTION ( 'NONE',  ( 1.000000000000000000, 0.000000000000000000, 0.000000000000000000 ) ) ;
#2374 = VECTOR ( 'NONE', #1429, 1000.000000000000000 ) ;
#2375 = DIRECTION ( 'NONE',  ( -1.000000000000000000, 0.000000000000000000, 0.000000000000000000 ) ) ;
#2376 = LINE ( 'NONE', #809, #788 ) ;
#2377 = ORIENTED_EDGE ( 'NONE', *, *, #2765, .T. ) ;
#2378 = LINE ( 'NONE', #2889, #1438 ) ;
#2379 = VECTOR ( 'NONE', #221, 1000.000000000000000 ) ;
#2380 = CARTESIAN_POINT ( 'NONE',  ( 251.7482171383261687, -67.73842685996903867, -2.299999999999999378 ) ) ;
#2381 = ORIENTED_EDGE ( 'NONE', *, *, #2157, .T. ) ;
#2382 = DIRECTION ( 'NONE',  ( -0.000000000000000000, 0.000000000000000000, 1.000000000000000000 ) ) ;
#2383 = ORIENTED_EDGE ( 'NONE', *, *, #1867, .T. ) ;
#2384 = LINE ( 'NONE', #309, #849 ) ;
#2385 = EDGE_CURVE ( 'NONE', #2789, #940, #2302, .T. ) ;
#2386 = AXIS2_PLACEMENT_3D ( 'NONE', #1039, #182, #1511 ) ;
#2387 = VERTEX_POINT ( 'NONE', #102 ) ;
#2388 = CARTESIAN_POINT ( 'NONE',  ( 117.1847586972080109, -39.86541075917907051, 3.200000000000000178 ) ) ;
#2389 = LINE ( 'NONE', #1652, #2133 ) ;
#2390 = EDGE_CURVE ( 'NONE', #162, #1115, #1444, .T. ) ;
#2391 = FACE_OUTER_BOUND ( 'NONE', #1619, .T. ) ;
#2392 = ORIENTED_EDGE ( 'NONE', *, *, #2305, .T. ) ;
#2393 = AXIS2_PLACEMENT_3D ( 'NONE', #762, #1720, #1251 ) ;
#2394 = FACE_OUTER_BOUND ( 'NONE', #2169, .T. ) ;
#2395 = LINE ( 'NONE', #2161, #1347 ) ;
#2396 = ORIENTED_EDGE ( 'NONE', *, *, #33, .T. ) ;
#2397 = AXIS2_PLACEMENT_3D ( 'NONE', #2249, #2301, #1823 ) ;
#2398 = LINE ( 'NONE', #1938, #477 ) ;
#2399 = EDGE_LOOP ( 'NONE', ( #952, #678, #1770, #616 ) ) ;
#2400 = DIRECTION ( 'NONE',  ( 0.000000000000000000, 0.000000000000000000, -1.000000000000000000 ) ) ;
#2401 = ORIENTED_EDGE ( 'NONE', *, *, #2065, .F. ) ;
#2402 = CARTESIAN_POINT ( 'NONE',  ( 123.6099523248292797, -35.71163438682823710, 7.200000000000000178 ) ) ;
#2403 = CARTESIAN_POINT ( 'NONE',  ( 177.6647671849628125, -101.5054626125645996, 1.700000000000000178 ) ) ;
#2404 = CARTESIAN_POINT ( 'NONE',  ( 279.3769665693395723, -92.40144548877421471, 7.785786437626899037 ) ) ;
#2405 = ORIENTED_EDGE ( 'NONE', *, *, #272, .T. ) ;
#2406 = EDGE_CURVE ( 'NONE', #2959, #1080, #2376, .T. ) ;
#2407 = LINE ( 'NONE', #1284, #2507 ) ;
#2408 = EDGE_CURVE ( 'NONE', #2610, #2599, #1736, .T. ) ;
#2409 = AXIS2_PLACEMENT_3D ( 'NONE', #2581, #70, #2840 ) ;
#2410 = CARTESIAN_POINT ( 'NONE',  ( 263.9191609378609087, -118.5110337271994752, 3.200000000000000178 ) ) ;
#2411 = AXIS2_PLACEMENT_3D ( 'NONE', #2656, #1418, #994 ) ;
#2412 = ORIENTED_EDGE ( 'NONE', *, *, #2083, .T. ) ;
#2413 = VECTOR ( 'NONE', #1533, 1000.000000000000000 ) ;
#2414 = EDGE_CURVE ( 'NONE', #370, #1196, #2970, .T. ) ;
#2415 = CARTESIAN_POINT ( 'NONE',  ( 123.6099523248292797, -35.71163438682823710, -3.000000000000000000 ) ) ;
#2416 = EDGE_LOOP ( 'NONE', ( #2501, #2567, #2355 ) ) ;
#2417 = DIRECTION ( 'NONE',  ( 0.000000000000000000, 0.000000000000000000, 1.000000000000000000 ) ) ;
#2418 = ORIENTED_EDGE ( 'NONE', *, *, #1327, .T. ) ;
#2419 = CARTESIAN_POINT ( 'NONE',  ( 280.5740346952891855, -89.52671685863685980, -3.000000000000000000 ) ) ;
#2420 = ORIENTED_EDGE ( 'NONE', *, *, #1032, .F. ) ;
#2421 = DIRECTION ( 'NONE',  ( -0.000000000000000000, -0.000000000000000000, -1.000000000000000000 ) ) ;
#2422 = DIRECTION ( 'NONE',  ( -1.000000000000000000, 0.000000000000000000, 0.000000000000000000 ) ) ;
#2423 = EDGE_CURVE ( 'NONE', #125, #2685, #2488, .T. ) ;
#2424 = DIRECTION ( 'NONE',  ( 0.9964916264976642069, -0.08369252248582007003, 0.000000000000000000 ) ) ;
#2425 = VECTOR ( 'NONE', #2881, 1000.000000000000000 ) ;
#2426 = ORIENTED_EDGE ( 'NONE', *, *, #1546, .F. ) ;
#2427 = CARTESIAN_POINT ( 'NONE',  ( 0.02487232087622961649, -38.78837025784483217, 3.200000000000000178 ) ) ;
#2428 = ADVANCED_FACE ( 'NONE', ( #1090 ), #129, .T. ) ;
#2429 = DIRECTION ( 'NONE',  ( -0.000000000000000000, -0.000000000000000000, -1.000000000000000000 ) ) ;
#2430 = EDGE_CURVE ( 'NONE', #1794, #923, #1111, .T. ) ;
#2431 = DIRECTION ( 'NONE',  ( 1.000000000000000000, 0.000000000000000000, 0.000000000000000000 ) ) ;
#2432 = ORIENTED_EDGE ( 'NONE', *, *, #1030, .F. ) ;
#2433 = EDGE_CURVE ( 'NONE', #1334, #2966, #2439, .T. ) ;
#2434 = CARTESIAN_POINT ( 'NONE',  ( 0.000000000000000000, -125.5110337271994609, 8.200000000000001066 ) ) ;
#2435 = VERTEX_POINT ( 'NONE', #2475 ) ;
#2436 = ORIENTED_EDGE ( 'NONE', *, *, #315, .F. ) ;
#2437 = DIRECTION ( 'NONE',  ( -1.000000000000000000, 0.000000000000000000, 0.000000000000000000 ) ) ;
#2438 = LINE ( 'NONE', #807, #1678 ) ;
#2439 = LINE ( 'NONE', #1339, #1433 ) ;
#2440 = ORIENTED_EDGE ( 'NONE', *, *, #2198, .F. ) ;
#2441 = CARTESIAN_POINT ( 'NONE',  ( 273.5740346757665407, -42.61547416727292870, 3.200000000000000178 ) ) ;
#2442 = DIRECTION ( 'NONE',  ( 0.000000000000000000, 0.000000000000000000, -1.000000000000000000 ) ) ;
#2443 = CIRCLE ( 'NONE', #2248, 1.500000000000001332 ) ;
#2444 = DIRECTION ( 'NONE',  ( -1.000000000000000000, 0.000000000000000000, -0.000000000000000000 ) ) ;
#2445 = VECTOR ( 'NONE', #2075, 1000.000000000000000 ) ;
#2446 = ORIENTED_EDGE ( 'NONE', *, *, #1755, .F. ) ;
#2447 = LINE ( 'NONE', #371, #725 ) ;
#2448 = ORIENTED_EDGE ( 'NONE', *, *, #2298, .T. ) ;
#2449 = VECTOR ( 'NONE', #1713, 1000.000000000000000 ) ;
#2450 = EDGE_CURVE ( 'NONE', #2608, #602, #1309, .T. ) ;
#2451 = CARTESIAN_POINT ( 'NONE',  ( 263.9191609378609087, -124.5110337271994752, 8.200000000000001066 ) ) ;
#2452 = LINE ( 'NONE', #378, #2988 ) ;
#2453 = DIRECTION ( 'NONE',  ( -0.000000000000000000, 0.000000000000000000, 1.000000000000000000 ) ) ;
#2454 = ORIENTED_EDGE ( 'NONE', *, *, #918, .F. ) ;
#2455 = CYLINDRICAL_SURFACE ( 'NONE', #1975, 1.500000000000001332 ) ;
#2456 = DIRECTION ( 'NONE',  ( 0.000000000000000000, -1.000000000000000000, 0.000000000000000000 ) ) ;
#2457 = LINE ( 'NONE', #1997, #1704 ) ;
#2458 = ORIENTED_EDGE ( 'NONE', *, *, #2740, .F. ) ;
#2459 = CARTESIAN_POINT ( 'NONE',  ( 174.6647671849628125, -101.5054626125645996, 3.200000000000000178 ) ) ;
#2460 = VECTOR ( 'NONE', #161, 1000.000000000000114 ) ;
#2461 = EDGE_LOOP ( 'NONE', ( #2896, #2105, #277, #1366, #2405, #1049, #614 ) ) ;
#2462 = DIRECTION ( 'NONE',  ( -0.9999997944112106740, -0.0006412312659031846980, 0.000000000000000000 ) ) ;
#2463 = DIRECTION ( 'NONE',  ( 0.000000000000000000, -1.000000000000000000, 0.000000000000000000 ) ) ;
#2464 = AXIS2_PLACEMENT_3D ( 'NONE', #2023, #1536, #2477 ) ;
#2465 = EDGE_LOOP ( 'NONE', ( #2950, #1708, #452, #3 ) ) ;
#2466 = CARTESIAN_POINT ( 'NONE',  ( 239.4347671849628227, -44.50546261256457825, 1.700000000000000178 ) ) ;
#2467 = VERTEX_POINT ( 'NONE', #177 ) ;
#2468 = CYLINDRICAL_SURFACE ( 'NONE', #1220, 1.499999999999987566 ) ;
#2469 = VERTEX_POINT ( 'NONE', #871 ) ;
#2470 = DIRECTION ( 'NONE',  ( -0.000000000000000000, 0.000000000000000000, -1.000000000000000000 ) ) ;
#2471 = VERTEX_POINT ( 'NONE', #2239 ) ;
#2472 = EDGE_CURVE ( 'NONE', #123, #284, #1729, .T. ) ;
#2473 = CARTESIAN_POINT ( 'NONE',  ( 170.1113555409463345, -121.7135498316967244, -3.000000000000000000 ) ) ;
#2474 = CARTESIAN_POINT ( 'NONE',  ( 144.4347671849628227, -61.60546261256457967, 3.200000000000000178 ) ) ;
#2475 = CARTESIAN_POINT ( 'NONE',  ( 255.5626038935361919, -118.3332827187243197, -1.000000000000000000 ) ) ;
#2476 = AXIS2_PLACEMENT_3D ( 'NONE', #1818, #199, #2757 ) ;
#2477 = DIRECTION ( 'NONE',  ( 0.000000000000000000, -0.000000000000000000, 1.000000000000000000 ) ) ;
#2478 = ORIENTED_EDGE ( 'NONE', *, *, #1777, .F. ) ;
#2479 = LINE ( 'NONE', #821, #2913 ) ;
#2480 = ORIENTED_EDGE ( 'NONE', *, *, #186, .T. ) ;
#2481 = CARTESIAN_POINT ( 'NONE',  ( 266.1677900947298099, -125.1400512586626803, 3.200000000000000178 ) ) ;
#2482 = EDGE_LOOP ( 'NONE', ( #2931, #1186, #434, #2174 ) ) ;
#2483 = CIRCLE ( 'NONE', #1274, 7.000000028274167008 ) ;
#2484 = DIRECTION ( 'NONE',  ( -0.000000000000000000, -0.000000000000000000, -1.000000000000000000 ) ) ;
#2485 = VECTOR ( 'NONE', #2676, 1000.000000000000000 ) ;
#2486 = CARTESIAN_POINT ( 'NONE',  ( 145.9347671849628227, -61.60546261256457967, 1.700000000000000178 ) ) ;
#2487 = CARTESIAN_POINT ( 'NONE',  ( 170.3280639420056559, -118.7180504866102950, 8.200000000000001066 ) ) ;
#2488 = LINE ( 'NONE', #407, #1515 ) ;
#2489 = AXIS2_PLACEMENT_3D ( 'NONE', #343, #114, #1957 ) ;
#2490 = CARTESIAN_POINT ( 'NONE',  ( 215.0713506386153711, -125.4864751092004695, 8.200000000000001066 ) ) ;
#2491 = FACE_OUTER_BOUND ( 'NONE', #2698, .T. ) ;
#2492 = ORIENTED_EDGE ( 'NONE', *, *, #287, .T. ) ;
#2493 = EDGE_CURVE ( 'NONE', #2247, #1804, #1519, .T. ) ;
#2494 = DIRECTION ( 'NONE',  ( -0.000000000000000000, -0.000000000000000000, -1.000000000000000000 ) ) ;
#2495 = DIRECTION ( 'NONE',  ( 1.000000000000000000, 0.000000000000000000, -0.000000000000000000 ) ) ;
#2496 = ORIENTED_EDGE ( 'NONE', *, *, #1137, .F. ) ;
#2497 = CARTESIAN_POINT ( 'NONE',  ( 273.5740346757665407, -42.61547416727292870, 7.200000000000000178 ) ) ;
#2498 = ORIENTED_EDGE ( 'NONE', *, *, #2406, .F. ) ;
#2499 = ADVANCED_FACE ( 'NONE', ( #844 ), #1047, .F. ) ;
#2500 = CIRCLE ( 'NONE', #2890, 6.000000009015349356 ) ;
#2501 = ORIENTED_EDGE ( 'NONE', *, *, #2195, .F. ) ;
#2502 = FACE_OUTER_BOUND ( 'NONE', #648, .T. ) ;
#2503 = AXIS2_PLACEMENT_3D ( 'NONE', #1694, #131, #362 ) ;
#2504 = FACE_OUTER_BOUND ( 'NONE', #1117, .T. ) ;
#2505 = SURFACE_STYLE_USAGE ( .BOTH. , #1575 ) ;
#2506 = DIRECTION ( 'NONE',  ( 1.000000000000000000, 0.000000000000000000, 0.000000000000000000 ) ) ;
#2507 = VECTOR ( 'NONE', #2210, 1000.000000000000000 ) ;
#2508 = VECTOR ( 'NONE', #252, 1000.000000000000000 ) ;
#2509 = EDGE_CURVE ( 'NONE', #293, #630, #193, .T. ) ;
#2510 = DIRECTION ( 'NONE',  ( -0.000000000000000000, -0.000000000000000000, -1.000000000000000000 ) ) ;
#2511 = LINE ( 'NONE', #2255, #20 ) ;
#2512 = VERTEX_POINT ( 'NONE', #1768 ) ;
#2513 = VECTOR ( 'NONE', #1621, 1000.000000000000227 ) ;
#2514 = EDGE_CURVE ( 'NONE', #1196, #1526, #2678, .T. ) ;
#2515 = DIRECTION ( 'NONE',  ( -0.000000000000000000, 0.000000000000000000, 1.000000000000000000 ) ) ;
#2516 = EDGE_CURVE ( 'NONE', #2537, #1273, #2961, .T. ) ;
#2517 = DIRECTION ( 'NONE',  ( 0.000000000000000000, 0.000000000000000000, 1.000000000000000000 ) ) ;
#2518 = EDGE_LOOP ( 'NONE', ( #2112, #2771, #136, #2912 ) ) ;
#2519 = DIRECTION ( 'NONE',  ( 0.000000000000000000, 0.000000000000000000, 1.000000000000000000 ) ) ;
#2520 = EDGE_CURVE ( 'NONE', #2687, #630, #358, .T. ) ;
#2521 = CARTESIAN_POINT ( 'NONE',  ( 276.8752879905741224, -92.29176348919965278, 3.200000000000000178 ) ) ;
#2522 = EDGE_CURVE ( 'NONE', #1080, #639, #626, .T. ) ;
#2523 = ORIENTED_EDGE ( 'NONE', *, *, #2522, .F. ) ;
#2524 = DIRECTION ( 'NONE',  ( -0.000000000000000000, -0.000000000000000000, -1.000000000000000000 ) ) ;
#2525 = DIRECTION ( 'NONE',  ( 1.000000000000000000, 0.000000000000000000, -0.000000000000000000 ) ) ;
#2526 = CARTESIAN_POINT ( 'NONE',  ( 116.3873857092019506, -114.7015984591215130, 3.199999999999999734 ) ) ;
#2527 = CIRCLE ( 'NONE', #1064, 7.000000125997815736 ) ;
#2528 = DIRECTION ( 'NONE',  ( 0.000000000000000000, 1.000000000000000000, 0.000000000000000000 ) ) ;
#2529 = DIRECTION ( 'NONE',  ( 0.000000000000000000, -0.000000000000000000, -1.000000000000000000 ) ) ;
#2530 = EDGE_LOOP ( 'NONE', ( #1885, #2412 ) ) ;
#2531 = EDGE_CURVE ( 'NONE', #1910, #448, #379, .T. ) ;
#2532 = VECTOR ( 'NONE', #681, 999.9999999999998863 ) ;
#2533 = CARTESIAN_POINT ( 'NONE',  ( 239.4347671849628227, -44.50546261256457825, 1.700000000000000178 ) ) ;
#2534 = LINE ( 'NONE', #2709, #42 ) ;
#2535 = ORIENTED_EDGE ( 'NONE', *, *, #1007, .T. ) ;
#2536 = LINE ( 'NONE', #686, #2050 ) ;
#2537 = VERTEX_POINT ( 'NONE', #393 ) ;
#2538 = PLANE ( 'NONE',  #317 ) ;
#2539 = ADVANCED_FACE ( 'NONE', ( #1075 ), #2702, .F. ) ;
#2540 = VECTOR ( 'NONE', #1170, 1000.000000000000000 ) ;
#2541 = FACE_OUTER_BOUND ( 'NONE', #1243, .T. ) ;
#2542 = DIRECTION ( 'NONE',  ( -0.000000000000000000, -0.000000000000000000, -1.000000000000000000 ) ) ;
#2543 = EDGE_CURVE ( 'NONE', #2469, #2837, #146, .T. ) ;
#2544 = VECTOR ( 'NONE', #2059, 1000.000000000000000 ) ;
#2545 = CARTESIAN_POINT ( 'NONE',  ( 280.5740346952891855, -71.47828436801889040, 4.159359701202597570 ) ) ;
#2546 = LINE ( 'NONE', #1891, #71 ) ;
#2547 = EDGE_LOOP ( 'NONE', ( #2480, #904, #894, #2278 ) ) ;
#2548 = AXIS2_PLACEMENT_3D ( 'NONE', #2473, #1591, #868 ) ;
#2549 = ADVANCED_FACE ( 'NONE', ( #1372 ), #901, .T. ) ;
#2550 = LINE ( 'NONE', #711, #2508 ) ;
#2551 = EDGE_LOOP ( 'NONE', ( #75, #1369 ) ) ;
#2552 = FACE_OUTER_BOUND ( 'NONE', #169, .T. ) ;
#2553 = ORIENTED_EDGE ( 'NONE', *, *, #1643, .T. ) ;
#2554 = PLANE ( 'NONE',  #1520 ) ;
#2555 = PLANE ( 'NONE',  #2226 ) ;
#2556 = CYLINDRICAL_SURFACE ( 'NONE', #181, 7.000000006650269668 ) ;
#2557 = CIRCLE ( 'NONE', #330, 6.000000006650282991 ) ;
#2558 = DIRECTION ( 'NONE',  ( 1.000000000000000000, 0.000000000000000000, 0.000000000000000000 ) ) ;
#2559 = AXIS2_PLACEMENT_3D ( 'NONE', #2667, #561, #765 ) ;
#2560 = DIRECTION ( 'NONE',  ( 1.000000000000000000, 0.000000000000000000, 0.000000000000000000 ) ) ;
#2561 = ORIENTED_EDGE ( 'NONE', *, *, #297, .T. ) ;
#2562 = AXIS2_PLACEMENT_3D ( 'NONE', #2704, #661, #1798 ) ;
#2563 = CARTESIAN_POINT ( 'NONE',  ( 263.9191609378609087, -118.5110337271994752, 7.200000000000000178 ) ) ;
#2564 = AXIS2_PLACEMENT_3D ( 'NONE', #1381, #2519, #2697 ) ;
#2565 = ORIENTED_EDGE ( 'NONE', *, *, #267, .F. ) ;
#2566 = DIRECTION ( 'NONE',  ( 0.3162277685630154322, 0.9486832972017880117, 0.000000000000000000 ) ) ;
#2567 = ORIENTED_EDGE ( 'NONE', *, *, #1743, .F. ) ;
#2568 = CARTESIAN_POINT ( 'NONE',  ( 215.6571983378608763, -125.5110337271994609, 7.200000000000000178 ) ) ;
#2569 = ORIENTED_EDGE ( 'NONE', *, *, #951, .F. ) ;
#2570 = EDGE_CURVE ( 'NONE', #2471, #1610, #2993, .T. ) ;
#2571 = CARTESIAN_POINT ( 'NONE',  ( 0.000000000000000000, -67.73842685996903867, 3.200000000000000178 ) ) ;
#2572 = CYLINDRICAL_SURFACE ( 'NONE', #450, 6.000000000000005329 ) ;
#2573 = CARTESIAN_POINT ( 'NONE',  ( 170.1113555409463345, -121.7135498316967244, 0.000000000000000000 ) ) ;
#2574 = ORIENTED_EDGE ( 'NONE', *, *, #608, .F. ) ;
#2575 = DIRECTION ( 'NONE',  ( -1.000000000000000000, 0.000000000000000000, 0.000000000000000000 ) ) ;
#2576 = ORIENTED_EDGE ( 'NONE', *, *, #1363, .T. ) ;
#2577 = CARTESIAN_POINT ( 'NONE',  ( 266.8082244006312180, -67.73842685996903867, -2.299999999999999378 ) ) ;
#2578 = VERTEX_POINT ( 'NONE', #1607 ) ;
#2579 = FACE_OUTER_BOUND ( 'NONE', #1941, .T. ) ;
#2580 = ORIENTED_EDGE ( 'NONE', *, *, #236, .F. ) ;
#2581 = CARTESIAN_POINT ( 'NONE',  ( 270.5740346952891855, -71.47828436801889040, 11.17740594433211321 ) ) ;
#2582 = VECTOR ( 'NONE', #2664, 1000.000000000000000 ) ;
#2583 =( GEOMETRIC_REPRESENTATION_CONTEXT ( 3 ) GLOBAL_UNCERTAINTY_ASSIGNED_CONTEXT ( ( #49 ) ) GLOBAL_UNIT_ASSIGNED_CONTEXT ( ( #2321, #2037, #2734 ) ) REPRESENTATION_CONTEXT ( 'NONE', 'WORKASPACE' ) );
#2584 = LINE ( 'NONE', #947, #2768 ) ;
#2585 = LINE ( 'NONE', #1425, #1658 ) ;
#2586 = EDGE_LOOP ( 'NONE', ( #2446, #718, #1187, #838 ) ) ;
#2587 = ORIENTED_EDGE ( 'NONE', *, *, #2786, .F. ) ;
#2588 = CIRCLE ( 'NONE', #120, 6.000000000000060396 ) ;
#2589 = CIRCLE ( 'NONE', #1232, 6.000000000000005329 ) ;
#2590 = CARTESIAN_POINT ( 'NONE',  ( 276.8387273237221962, -92.40144548877421471, 7.785786437626904366 ) ) ;
#2591 = ORIENTED_EDGE ( 'NONE', *, *, #369, .F. ) ;
#2592 = DIRECTION ( 'NONE',  ( -0.000000000000000000, -0.000000000000000000, -1.000000000000000000 ) ) ;
#2593 = EDGE_LOOP ( 'NONE', ( #1998, #559, #758, #1985 ) ) ;
#2594 = CARTESIAN_POINT ( 'NONE',  ( 131.1764707090654554, -44.03324640999999673, -3.000000000000000000 ) ) ;
#2595 = ORIENTED_EDGE ( 'NONE', *, *, #599, .T. ) ;
#2596 = LINE ( 'NONE', #2419, #2263 ) ;
#2597 = LINE ( 'NONE', #2795, #1988 ) ;
#2598 = CARTESIAN_POINT ( 'NONE',  ( 251.7482171383261687, 0.000000000000000000, 3.200000000000000178 ) ) ;
#2599 = VERTEX_POINT ( 'NONE', #1399 ) ;
#2600 = AXIS2_PLACEMENT_3D ( 'NONE', #392, #1944, #1751 ) ;
#2601 = AXIS2_PLACEMENT_3D ( 'NONE', #2767, #933, #919 ) ;
#2602 = CARTESIAN_POINT ( 'NONE',  ( 0.000000000000000000, 0.000000000000000000, 8.200000000000001066 ) ) ;
#2603 = VECTOR ( 'NONE', #2071, 1000.000000000000114 ) ;
#2604 = ADVANCED_FACE ( 'NONE', ( #207 ), #35, .T. ) ;
#2605 = LINE ( 'NONE', #2117, #2374 ) ;
#2606 = EDGE_CURVE ( 'NONE', #2233, #390, #1783, .T. ) ;
#2607 = AXIS2_PLACEMENT_3D ( 'NONE', #1758, #133, #1269 ) ;
#2608 = VERTEX_POINT ( 'NONE', #1869 ) ;
#2609 = DIRECTION ( 'NONE',  ( 0.000000000000000000, 0.000000000000000000, -1.000000000000000000 ) ) ;
#2610 = VERTEX_POINT ( 'NONE', #261 ) ;
#2611 = DIRECTION ( 'NONE',  ( 0.000000000000000000, -0.000000000000000000, -1.000000000000000000 ) ) ;
#2612 = ADVANCED_FACE ( 'NONE', ( #959 ), #2556, .T. ) ;
#2613 = EDGE_LOOP ( 'NONE', ( #777, #2078 ) ) ;
#2614 = DIRECTION ( 'NONE',  ( 0.0004534189767343798738, -0.7071066358133131224, 0.7071067811865546782 ) ) ;
#2615 = CIRCLE ( 'NONE', #2904, 6.000000000000005329 ) ;
#2616 = FACE_OUTER_BOUND ( 'NONE', #2969, .T. ) ;
#2617 = CARTESIAN_POINT ( 'NONE',  ( 278.8022759485233451, -92.81565905114732118, 8.199999999999988631 ) ) ;
#2618 = ORIENTED_EDGE ( 'NONE', *, *, #1551, .F. ) ;
#2619 = CARTESIAN_POINT ( 'NONE',  ( 131.1764707090654554, -44.03324640999999673, -1.000000000000000000 ) ) ;
#2620 = EDGE_CURVE ( 'NONE', #218, #2330, #470, .T. ) ;
#2621 = FACE_OUTER_BOUND ( 'NONE', #2012, .T. ) ;
#2622 = ORIENTED_EDGE ( 'NONE', *, *, #1218, .F. ) ;
#2623 = DIRECTION ( 'NONE',  ( -1.000000000000000000, 0.000000000000000000, 0.000000000000000000 ) ) ;
#2624 = VERTEX_POINT ( 'NONE', #2806 ) ;
#2625 = LINE ( 'NONE', #2897, #2449 ) ;
#2626 = VECTOR ( 'NONE', #135, 1000.000000000000000 ) ;
#2627 = ORIENTED_EDGE ( 'NONE', *, *, #2520, .T. ) ;
#2628 = LINE ( 'NONE', #1457, #1680 ) ;
#2629 = ADVANCED_FACE ( 'NONE', ( #1183 ), #2094, .F. ) ;
#2630 = CARTESIAN_POINT ( 'NONE',  ( 0.02487232087622961649, -38.78837025784483217, 8.200000000000001066 ) ) ;
#2631 = EDGE_CURVE ( 'NONE', #1730, #2888, #1886, .T. ) ;
#2632 = CARTESIAN_POINT ( 'NONE',  ( 215.1550431611011902, -124.4899834827028116, 8.200000000000001066 ) ) ;
#2633 = VERTEX_POINT ( 'NONE', #2319 ) ;
#2634 = EDGE_CURVE ( 'NONE', #1352, #565, #132, .T. ) ;
#2635 = AXIS2_PLACEMENT_3D ( 'NONE', #2173, #283, #116 ) ;
#2636 = CARTESIAN_POINT ( 'NONE',  ( 280.5740346952891855, -92.40144548877422892, 4.159359701202597570 ) ) ;
#2637 = CARTESIAN_POINT ( 'NONE',  ( 182.7090827223657641, 0.000000000000000000, -2.299999999999999378 ) ) ;
#2638 = EDGE_LOOP ( 'NONE', ( #1139, #2492, #2783, #2679 ) ) ;
#2639 = VECTOR ( 'NONE', #2790, 1000.000000000000000 ) ;
#2640 = CARTESIAN_POINT ( 'NONE',  ( 215.6571983378608763, -118.5110337181841373, 8.200000000000001066 ) ) ;
#2641 = ORIENTED_EDGE ( 'NONE', *, *, #1912, .F. ) ;
#2642 = DIRECTION ( 'NONE',  ( 1.000000000000000000, 0.000000000000000000, 0.000000000000000000 ) ) ;
#2643 = ORIENTED_EDGE ( 'NONE', *, *, #2825, .T. ) ;
#2644 = DIRECTION ( 'NONE',  ( -0.000000000000000000, -0.000000000000000000, 1.000000000000000000 ) ) ;
#2645 = CARTESIAN_POINT ( 'NONE',  ( 279.5740346952891855, -70.47828436801889040, 8.200000000000001066 ) ) ;
#2646 = CARTESIAN_POINT ( 'NONE',  ( 0.02487232087622961649, -38.78837025784483217, 8.200000000000001066 ) ) ;
#2647 = CARTESIAN_POINT ( 'NONE',  ( 273.5740346670150416, -89.52671685863680295, 4.159359701202597570 ) ) ;
#2648 = EDGE_CURVE ( 'NONE', #2959, #2240, #908, .T. ) ;
#2649 = ORIENTED_EDGE ( 'NONE', *, *, #1690, .F. ) ;
#2650 = EDGE_CURVE ( 'NONE', #218, #1470, #441, .T. ) ;
#2651 = DIRECTION ( 'NONE',  ( -0.000000000000000000, -0.000000000000000000, 1.000000000000000000 ) ) ;
#2652 = AXIS2_PLACEMENT_3D ( 'NONE', #2819, #1440, #2373 ) ;
#2653 = DIRECTION ( 'NONE',  ( 0.000000000000000000, 0.000000000000000000, -1.000000000000000000 ) ) ;
#2654 = EDGE_LOOP ( 'NONE', ( #1635, #927 ) ) ;
#2655 = AXIS2_PLACEMENT_3D ( 'NONE', #1582, #427, #1848 ) ;
#2656 = CARTESIAN_POINT ( 'NONE',  ( 0.000000000000000000, -121.7110337092004357, 8.200000000000001066 ) ) ;
#2657 = ORIENTED_EDGE ( 'NONE', *, *, #367, .F. ) ;
#2658 = DIRECTION ( 'NONE',  ( -0.000000000000000000, -0.000000000000000000, 1.000000000000000000 ) ) ;
#2659 = CONICAL_SURFACE ( 'NONE', #437, 6.000000006650296314, 0.7853981633974387311 ) ;
#2660 = ORIENTED_EDGE ( 'NONE', *, *, #46, .T. ) ;
#2661 = DIRECTION ( 'NONE',  ( 1.000000000000000000, 5.947623340555712658E-15, 0.000000000000000000 ) ) ;
#2662 = DIRECTION ( 'NONE',  ( -0.000000000000000000, -0.000000000000000000, -1.000000000000000000 ) ) ;
#2663 = LINE ( 'NONE', #1033, #1189 ) ;
#2664 = DIRECTION ( 'NONE',  ( -0.000000000000000000, -0.000000000000000000, 1.000000000000000000 ) ) ;
#2665 = VECTOR ( 'NONE', #2799, 1000.000000000000000 ) ;
#2666 = ORIENTED_EDGE ( 'NONE', *, *, #2064, .F. ) ;
#2667 = CARTESIAN_POINT ( 'NONE',  ( 215.6497943401918462, -125.5135498496957638, 3.200000000000000178 ) ) ;
#2668 = FACE_OUTER_BOUND ( 'NONE', #1283, .T. ) ;
#2669 = ADVANCED_FACE ( 'NONE', ( #8 ), #1856, .T. ) ;
#2670 = VECTOR ( 'NONE', #2886, 1000.000000000000114 ) ;
#2671 = CARTESIAN_POINT ( 'NONE',  ( 144.4347671849628227, -61.60546261256457967, 1.700000000000000178 ) ) ;
#2672 = ORIENTED_EDGE ( 'NONE', *, *, #790, .T. ) ;
#2673 = DIRECTION ( 'NONE',  ( 0.000000000000000000, 1.000000000000000000, 0.000000000000000000 ) ) ;
#2674 = ORIENTED_EDGE ( 'NONE', *, *, #2835, .F. ) ;
#2675 = ORIENTED_EDGE ( 'NONE', *, *, #2857, .F. ) ;
#2676 = DIRECTION ( 'NONE',  ( 1.000000000000000000, 0.000000000000000000, 0.000000000000000000 ) ) ;
#2677 = DIRECTION ( 'NONE',  ( -0.000000000000000000, -0.000000000000000000, 1.000000000000000000 ) ) ;
#2678 = LINE ( 'NONE', #2691, #332 ) ;
#2679 = ORIENTED_EDGE ( 'NONE', *, *, #2749, .T. ) ;
#2680 = CARTESIAN_POINT ( 'NONE',  ( 123.3910694386153750, -114.7110337319886213, 8.200000000000001066 ) ) ;
#2681 = LINE ( 'NONE', #992, #960 ) ;
#2682 = VECTOR ( 'NONE', #1159, 1000.000000000000000 ) ;
#2683 = FACE_OUTER_BOUND ( 'NONE', #1208, .T. ) ;
#2684 = AXIS2_PLACEMENT_3D ( 'NONE', #508, #451, #1394 ) ;
#2685 = VERTEX_POINT ( 'NONE', #2792 ) ;
#2686 = DIRECTION ( 'NONE',  ( 0.000000000000000000, 0.000000000000000000, -1.000000000000000000 ) ) ;
#2687 = VERTEX_POINT ( 'NONE', #705 ) ;
#2688 = CIRCLE ( 'NONE', #1911, 7.000000028274167008 ) ;
#2689 = DIRECTION ( 'NONE',  ( 1.000000000000000000, 0.000000000000000000, 0.000000000000000000 ) ) ;
#2690 = DIRECTION ( 'NONE',  ( 1.000000000000000000, 0.000000000000000000, 0.000000000000000000 ) ) ;
#2691 = CARTESIAN_POINT ( 'NONE',  ( 174.6647671849628125, -101.5054626125645996, 1.700000000000000178 ) ) ;
#2692 = ORIENTED_EDGE ( 'NONE', *, *, #850, .F. ) ;
#2693 = DIRECTION ( 'NONE',  ( -0.000000000000000000, -0.000000000000000000, -1.000000000000000000 ) ) ;
#2694 = ADVANCED_FACE ( 'NONE', ( #1622 ), #719, .F. ) ;
#2695 = CARTESIAN_POINT ( 'NONE',  ( 125.1764707090654554, -113.4260893411192797, -3.000000000000000000 ) ) ;
#2696 = ORIENTED_EDGE ( 'NONE', *, *, #1614, .T. ) ;
#2697 = DIRECTION ( 'NONE',  ( 1.000000000000000000, 0.000000000000000000, 0.000000000000000000 ) ) ;
#2698 = EDGE_LOOP ( 'NONE', ( #2069, #2742, #598, #67 ) ) ;
#2699 = EDGE_CURVE ( 'NONE', #565, #1352, #1391, .T. ) ;
#2700 = LINE ( 'NONE', #1031, #1955 ) ;
#2701 = CARTESIAN_POINT ( 'NONE',  ( 253.6847671849627943, -88.20546261256457399, 1.700000000000000178 ) ) ;
#2702 = CYLINDRICAL_SURFACE ( 'NONE', #2845, 4.000000032729323252 ) ;
#2703 = ADVANCED_BREP_SHAPE_REPRESENTATION ( 'leftcasebottomv3', ( #418, #187 ), #1831 ) ;
#2704 = CARTESIAN_POINT ( 'NONE',  ( 123.6218448224775273, -42.70911683193691033, 8.200000000000001066 ) ) ;
#2705 = ORIENTED_EDGE ( 'NONE', *, *, #2493, .F. ) ;
#2706 = CARTESIAN_POINT ( 'NONE',  ( 123.3910694386153750, -114.7110337319886213, 8.200000000000001066 ) ) ;
#2707 = DIRECTION ( 'NONE',  ( 1.000000000000000000, -0.000000000000000000, -0.000000000000000000 ) ) ;
#2708 = VERTEX_POINT ( 'NONE', #2750 ) ;
#2709 = CARTESIAN_POINT ( 'NONE',  ( 0.000000000000000000, -122.5110337378194032, 8.200000000000001066 ) ) ;
#2710 = EDGE_LOOP ( 'NONE', ( #2666, #463, #1003, #2674 ) ) ;
#2711 = CARTESIAN_POINT ( 'NONE',  ( 119.1764707090654554, -113.4260893411192797, -3.000000000000000000 ) ) ;
#2712 = CYLINDRICAL_SURFACE ( 'NONE', #1300, 7.000000028274167008 ) ;
#2713 = DIRECTION ( 'NONE',  ( 1.000000000000000000, -0.000000000000000000, 0.000000000000000000 ) ) ;
#2714 = CARTESIAN_POINT ( 'NONE',  ( 116.6181787714093758, -42.68793919528082625, 3.200000000000000178 ) ) ;
#2715 = EDGE_CURVE ( 'NONE', #923, #2624, #2091, .T. ) ;
#2716 = EDGE_CURVE ( 'NONE', #257, #2122, #2596, .T. ) ;
#2717 = CARTESIAN_POINT ( 'NONE',  ( 247.8318400711942218, -125.5110337271994609, 3.199999999999999734 ) ) ;
#2718 = DIRECTION ( 'NONE',  ( 1.000000000000000000, 0.000000000000000000, 0.000000000000000000 ) ) ;
#2719 = EDGE_LOOP ( 'NONE', ( #2362, #1602, #40, #2587 ) ) ;
#2720 = ADVANCED_FACE ( 'NONE', ( #774 ), #1628, .T. ) ;
#2721 = DIRECTION ( 'NONE',  ( 1.000000000000000000, 0.000000000000000000, 0.000000000000000000 ) ) ;
#2722 = ORIENTED_EDGE ( 'NONE', *, *, #1123, .T. ) ;
#2723 = CARTESIAN_POINT ( 'NONE',  ( 273.5740346757665407, -42.61547416727292870, 0.000000000000000000 ) ) ;
#2724 = AXIS2_PLACEMENT_3D ( 'NONE', #1143, #2066, #2558 ) ;
#2725 = ORIENTED_EDGE ( 'NONE', *, *, #1441, .F. ) ;
#2726 = EDGE_CURVE ( 'NONE', #2837, #1535, #2628, .T. ) ;
#2727 = ORIENTED_EDGE ( 'NONE', *, *, #490, .F. ) ;
#2728 = CARTESIAN_POINT ( 'NONE',  ( 215.6571983378608763, -118.5110337181841373, 3.200000000000000178 ) ) ;
#2729 = CIRCLE ( 'NONE', #23, 7.000000000000062172 ) ;
#2730 = EDGE_LOOP ( 'NONE', ( #254, #1042, #2855, #518 ) ) ;
#2731 = LINE ( 'NONE', #2487, #2874 ) ;
#2732 = DIRECTION ( 'NONE',  ( 1.000000000000000000, 0.000000000000000000, 0.000000000000000000 ) ) ;
#2733 = EDGE_CURVE ( 'NONE', #5, #2687, #953, .T. ) ;
#2734 =( NAMED_UNIT ( * ) SI_UNIT ( $, .STERADIAN. ) SOLID_ANGLE_UNIT ( ) );
#2735 = EDGE_CURVE ( 'NONE', #1362, #2042, #1198, .T. ) ;
#2736 = EDGE_CURVE ( 'NONE', #225, #2959, #2184, .T. ) ;
#2737 = CARTESIAN_POINT ( 'NONE',  ( 264.6822314364909516, -125.5110337271994609, 3.199999999999999734 ) ) ;
#2738 = ORIENTED_EDGE ( 'NONE', *, *, #272, .F. ) ;
#2739 = ADVANCED_FACE ( 'NONE', ( #1263 ), #112, .T. ) ;
#2740 = EDGE_CURVE ( 'NONE', #448, #2031, #2891, .T. ) ;
#2741 = CARTESIAN_POINT ( 'NONE',  ( 116.6218807702438625, -42.68668113403268904, 7.200000000000000178 ) ) ;
#2742 = ORIENTED_EDGE ( 'NONE', *, *, #1561, .T. ) ;
#2743 = LINE ( 'NONE', #2312, #1205 ) ;
#2744 = DIRECTION ( 'NONE',  ( 0.000000000000000000, -1.000000000000000000, 0.000000000000000000 ) ) ;
#2745 = CONICAL_SURFACE ( 'NONE', #1968, 6.000000009015349356, 0.7853981633974369547 ) ;
#2746 = ORIENTED_EDGE ( 'NONE', *, *, #623, .T. ) ;
#2747 = DIRECTION ( 'NONE',  ( 1.000000000000000000, 0.000000000000000000, 0.000000000000000000 ) ) ;
#2748 = DIRECTION ( 'NONE',  ( -0.3162277687544236549, -0.9486832971379851598, 0.000000000000000000 ) ) ;
#2749 = EDGE_CURVE ( 'NONE', #2060, #457, #1616, .T. ) ;
#2750 = CARTESIAN_POINT ( 'NONE',  ( 215.6497943401918462, -125.5135498496957638, 0.000000000000000000 ) ) ;
#2751 = VECTOR ( 'NONE', #382, 1000.000000000000000 ) ;
#2752 = DIRECTION ( 'NONE',  ( -0.000000000000000000, -0.000000000000000000, 1.000000000000000000 ) ) ;
#2753 = ORIENTED_EDGE ( 'NONE', *, *, #1345, .F. ) ;
#2754 = AXIS2_PLACEMENT_3D ( 'NONE', #7, #1855, #191 ) ;
#2755 = DIRECTION ( 'NONE',  ( 0.000000000000000000, 0.000000000000000000, 1.000000000000000000 ) ) ;
#2756 = CIRCLE ( 'NONE', #2948, 7.000000019522667927 ) ;
#2757 = DIRECTION ( 'NONE',  ( -0.3135194217472721534, -0.9495817880452721571, 0.000000000000000000 ) ) ;
#2758 = ADVANCED_FACE ( 'NONE', ( #973 ), #1013, .F. ) ;
#2759 = DIRECTION ( 'NONE',  ( 1.000000000000000000, 0.000000000000000000, 0.000000000000000000 ) ) ;
#2760 = EDGE_CURVE ( 'NONE', #1502, #731, #513, .T. ) ;
#2761 = ORIENTED_EDGE ( 'NONE', *, *, #369, .T. ) ;
#2762 = CARTESIAN_POINT ( 'NONE',  ( 270.5740346952891855, -92.40144548877422892, 11.17740594433211321 ) ) ;
#2763 = ORIENTED_EDGE ( 'NONE', *, *, #327, .T. ) ;
#2764 = CARTESIAN_POINT ( 'NONE',  ( 239.4347671849628227, -44.50546261256457825, 3.200000000000000178 ) ) ;
#2765 = EDGE_CURVE ( 'NONE', #2214, #1794, #143, .T. ) ;
#2766 = FACE_OUTER_BOUND ( 'NONE', #1453, .T. ) ;
#2767 = CARTESIAN_POINT ( 'NONE',  ( 251.7482171383261687, 0.000000000000000000, -2.299999999999999378 ) ) ;
#2768 = VECTOR ( 'NONE', #515, 1000.000000000000000 ) ;
#2769 = CARTESIAN_POINT ( 'NONE',  ( 261.5626038935362772, -118.3332827187243197, -1.000000000000000000 ) ) ;
#2770 = DIRECTION ( 'NONE',  ( 1.000000000000000000, 0.000000000000000000, 0.000000000000000000 ) ) ;
#2771 = ORIENTED_EDGE ( 'NONE', *, *, #1972, .T. ) ;
#2772 = AXIS2_PLACEMENT_3D ( 'NONE', #2695, #1773, #1083 ) ;
#2773 = LINE ( 'NONE', #1415, #2941 ) ;
#2774 = VERTEX_POINT ( 'NONE', #1231 ) ;
#2775 = ADVANCED_FACE ( 'NONE', ( #2154 ), #1942, .T. ) ;
#2776 = CARTESIAN_POINT ( 'NONE',  ( 276.5053939874067623, -93.40144548877422892, 8.200000000000001066 ) ) ;
#2777 = ORIENTED_EDGE ( 'NONE', *, *, #1530, .T. ) ;
#2778 = FACE_BOUND ( 'NONE', #830, .T. ) ;
#2779 = DIRECTION ( 'NONE',  ( 0.000000000000000000, 0.000000000000000000, 1.000000000000000000 ) ) ;
#2780 = DIRECTION ( 'NONE',  ( 0.000000000000000000, 0.000000000000000000, 1.000000000000000000 ) ) ;
#2781 = CARTESIAN_POINT ( 'NONE',  ( 144.4347671849628227, -61.60546261256457967, 1.700000000000000178 ) ) ;
#2782 = CARTESIAN_POINT ( 'NONE',  ( 0.000000000000000000, -65.53865051828402954, 3.200000000000000178 ) ) ;
#2783 = ORIENTED_EDGE ( 'NONE', *, *, #1755, .T. ) ;
#2784 = AXIS2_PLACEMENT_3D ( 'NONE', #2728, #2061, #916 ) ;
#2785 = LINE ( 'NONE', #63, #2665 ) ;
#2786 = EDGE_CURVE ( 'NONE', #1012, #1362, #2067, .T. ) ;
#2787 = ORIENTED_EDGE ( 'NONE', *, *, #905, .T. ) ;
#2788 = DIRECTION ( 'NONE',  ( 0.000000000000000000, 0.7071067811865426878, 0.7071067811865524577 ) ) ;
#2789 = VERTEX_POINT ( 'NONE', #587 ) ;
#2790 = DIRECTION ( 'NONE',  ( 0.6708203926046822918, -0.2236067996857441509, -0.7071067811865471286 ) ) ;
#2791 = EDGE_LOOP ( 'NONE', ( #1310, #2089, #86, #537 ) ) ;
#2792 = CARTESIAN_POINT ( 'NONE',  ( 263.9191609378609087, -125.5110337271994609, 7.200000000000000178 ) ) ;
#2793 = VECTOR ( 'NONE', #2079, 1000.000000000000000 ) ;
#2794 = CIRCLE ( 'NONE', #861, 7.000000009015322711 ) ;
#2795 = CARTESIAN_POINT ( 'NONE',  ( 263.9191609378609087, -125.5110337271994609, 8.200000000000001066 ) ) ;
#2796 = LINE ( 'NONE', #2782, #740 ) ;
#2797 = ORIENTED_EDGE ( 'NONE', *, *, #2414, .F. ) ;
#2798 = VECTOR ( 'NONE', #1723, 1000.000000000000000 ) ;
#2799 = DIRECTION ( 'NONE',  ( -0.000000000000000000, -0.000000000000000000, -1.000000000000000000 ) ) ;
#2800 = VECTOR ( 'NONE', #2013, 1000.000000000000000 ) ;
#2801 = ORIENTED_EDGE ( 'NONE', *, *, #2103, .T. ) ;
#2802 = DIRECTION ( 'NONE',  ( -1.000000000000000000, 0.000000000000000000, 0.000000000000000000 ) ) ;
#2803 = ORIENTED_EDGE ( 'NONE', *, *, #2204, .T. ) ;
#2804 = LINE ( 'NONE', #2371, #172 ) ;
#2805 = ORIENTED_EDGE ( 'NONE', *, *, #1651, .T. ) ;
#2806 = CARTESIAN_POINT ( 'NONE',  ( 123.3873674397808600, -121.7122917704485872, 3.200000000000000178 ) ) ;
#2807 = DIRECTION ( 'NONE',  ( 0.003205111461036341987, 0.9999948636170699068, 0.000000000000000000 ) ) ;
#2808 = FACE_OUTER_BOUND ( 'NONE', #59, .T. ) ;
#2809 = EDGE_LOOP ( 'NONE', ( #512, #1863 ) ) ;
#2810 = ADVANCED_FACE ( 'NONE', ( #1503 ), #2883, .F. ) ;
#2811 = EDGE_LOOP ( 'NONE', ( #231, #1302, #1585, #1204, #1954, #2392, #1390, #1100 ) ) ;
#2812 = EDGE_CURVE ( 'NONE', #1910, #798, #1092, .T. ) ;
#2813 = CARTESIAN_POINT ( 'NONE',  ( 119.6218653566889287, -42.69629643311085943, 8.200000000000001066 ) ) ;
#2814 = EDGE_LOOP ( 'NONE', ( #803, #91 ) ) ;
#2815 = DIRECTION ( 'NONE',  ( 1.000000000000000000, -3.965082225697488454E-15, 0.000000000000000000 ) ) ;
#2816 = VERTEX_POINT ( 'NONE', #1465 ) ;
#2817 = LINE ( 'NONE', #1436, #1612 ) ;
#2818 = ORIENTED_EDGE ( 'NONE', *, *, #706, .F. ) ;
#2819 = CARTESIAN_POINT ( 'NONE',  ( 124.9597671849628142, -88.20546261256457399, 3.200000000000000178 ) ) ;
#2820 = ADVANCED_FACE ( 'NONE', ( #2394 ), #2830, .F. ) ;
#2821 = AXIS2_PLACEMENT_3D ( 'NONE', #1062, #1559, #1796 ) ;
#2822 = STYLED_ITEM ( 'NONE', ( #1358 ), #418 ) ;
#2823 = CARTESIAN_POINT ( 'NONE',  ( 280.5740346952891855, -89.52671685863685980, -3.000000000000000000 ) ) ;
#2824 = FACE_OUTER_BOUND ( 'NONE', #949, .T. ) ;
#2825 = EDGE_CURVE ( 'NONE', #284, #1352, #92, .T. ) ;
#2826 = EDGE_CURVE ( 'NONE', #1924, #436, #2846, .T. ) ;
#2827 = VECTOR ( 'NONE', #2566, 999.9999999999998863 ) ;
#2828 = ORIENTED_EDGE ( 'NONE', *, *, #2760, .T. ) ;
#2829 = AXIS2_PLACEMENT_3D ( 'NONE', #1407, #32, #85 ) ;
#2830 = CYLINDRICAL_SURFACE ( 'NONE', #1577, 1.500000000000001332 ) ;
#2831 = EDGE_CURVE ( 'NONE', #457, #1929, #1004, .T. ) ;
#2832 = DIRECTION ( 'NONE',  ( -1.000000000000000000, 0.000000000000000000, -0.000000000000000000 ) ) ;
#2833 = ADVANCED_FACE ( 'NONE', ( #577 ), #1934, .F. ) ;
#2834 = EDGE_LOOP ( 'NONE', ( #476, #1432, #1504, #840 ) ) ;
#2835 = EDGE_CURVE ( 'NONE', #1579, #517, #2407, .T. ) ;
#2836 = LINE ( 'NONE', #2369, #998 ) ;
#2837 = VERTEX_POINT ( 'NONE', #1254 ) ;
#2838 = DIRECTION ( 'NONE',  ( -0.000000000000000000, -0.000000000000000000, -1.000000000000000000 ) ) ;
#2839 = ORIENTED_EDGE ( 'NONE', *, *, #1862, .T. ) ;
#2840 = DIRECTION ( 'NONE',  ( 0.000000000000000000, -0.000000000000000000, 1.000000000000000000 ) ) ;
#2841 = ADVANCED_FACE ( 'NONE', ( #796 ), #2875, .F. ) ;
#2842 = DIRECTION ( 'NONE',  ( 0.000000000000000000, 0.000000000000000000, -1.000000000000000000 ) ) ;
#2843 = CARTESIAN_POINT ( 'NONE',  ( 269.6038566607509210, -120.4109166490288061, 8.200000000000001066 ) ) ;
#2844 = ORIENTED_EDGE ( 'NONE', *, *, #1587, .T. ) ;
#2845 = AXIS2_PLACEMENT_3D ( 'NONE', #2005, #1753, #2928 ) ;
#2846 = LINE ( 'NONE', #2636, #2164 ) ;
#2847 = CARTESIAN_POINT ( 'NONE',  ( 123.3910694386153750, -114.7110337319886213, 8.200000000000001066 ) ) ;
#2848 = AXIS2_PLACEMENT_3D ( 'NONE', #2847, #1523, #2146 ) ;
#2849 = VERTEX_POINT ( 'NONE', #2175 ) ;
#2850 = EDGE_CURVE ( 'NONE', #2599, #667, #38, .T. ) ;
#2851 = DIRECTION ( 'NONE',  ( 0.000000000000000000, -1.000000000000000000, 0.000000000000000000 ) ) ;
#2852 = EDGE_LOOP ( 'NONE', ( #2139, #2844, #2108, #2316 ) ) ;
#2853 = CARTESIAN_POINT ( 'NONE',  ( 0.000000000000000000, -122.5110337378194032, 8.200000000000001066 ) ) ;
#2854 = EDGE_CURVE ( 'NONE', #2122, #1502, #1921, .T. ) ;
#2855 = ORIENTED_EDGE ( 'NONE', *, *, #2735, .T. ) ;
#2856 = CARTESIAN_POINT ( 'NONE',  ( 170.1150575397808495, -121.7122917704485872, 3.200000000000000178 ) ) ;
#2857 = EDGE_CURVE ( 'NONE', #569, #2888, #1947, .T. ) ;
#2858 = FACE_OUTER_BOUND ( 'NONE', #2719, .T. ) ;
#2859 = DIRECTION ( 'NONE',  ( 0.2278933669585027355, -0.6693765586605664453, -0.7071065238081561954 ) ) ;
#2860 = ORIENTED_EDGE ( 'NONE', *, *, #2178, .T. ) ;
#2861 = DIRECTION ( 'NONE',  ( 0.000000000000000000, 1.000000000000000000, 0.000000000000000000 ) ) ;
#2862 = CARTESIAN_POINT ( 'NONE',  ( 273.5814386646840148, -89.52420073614051432, 4.159359701202597570 ) ) ;
#2863 = EDGE_LOOP ( 'NONE', ( #880, #2396, #2787, #2561, #1937, #860 ) ) ;
#2864 = CYLINDRICAL_SURFACE ( 'NONE', #1095, 7.000000000000006217 ) ;
#2865 = ORIENTED_EDGE ( 'NONE', *, *, #367, .T. ) ;
#2866 = DIRECTION ( 'NONE',  ( -0.000000000000000000, -0.000000000000000000, -1.000000000000000000 ) ) ;
#2867 = EDGE_CURVE ( 'NONE', #639, #1084, #1676, .T. ) ;
#2868 = ORIENTED_EDGE ( 'NONE', *, *, #524, .T. ) ;
#2869 = CARTESIAN_POINT ( 'NONE',  ( 117.2668194500402592, -118.2233824212516851, 3.199999999999999289 ) ) ;
#2870 = CYLINDRICAL_SURFACE ( 'NONE', #1564, 6.000000000000019540 ) ;
#2871 = PLANE ( 'NONE',  #907 ) ;
#2872 = CARTESIAN_POINT ( 'NONE',  ( 215.6571983378608763, -118.5110337181841373, 8.200000000000001066 ) ) ;
#2873 = ORIENTED_EDGE ( 'NONE', *, *, #2206, .F. ) ;
#2874 = VECTOR ( 'NONE', #1320, 1000.000000000000000 ) ;
#2875 = PLANE ( 'NONE',  #2268 ) ;
#2876 = DIRECTION ( 'NONE',  ( 1.000000000000000000, 0.000000000000000000, 0.000000000000000000 ) ) ;
#2877 = EDGE_LOOP ( 'NONE', ( #2209, #539, #331, #2805 ) ) ;
#2878 = PLANE ( 'NONE',  #183 ) ;
#2879 = ADVANCED_FACE ( 'NONE', ( #1448 ), #1222, .T. ) ;
#2880 = ORIENTED_EDGE ( 'NONE', *, *, #1147, .T. ) ;
#2881 = DIRECTION ( 'NONE',  ( -0.000000000000000000, -0.000000000000000000, 1.000000000000000000 ) ) ;
#2882 = VERTEX_POINT ( 'NONE', #1268 ) ;
#2883 = PLANE ( 'NONE',  #862 ) ;
#2884 = ORIENTED_EDGE ( 'NONE', *, *, #1566, .F. ) ;
#2885 = DIRECTION ( 'NONE',  ( -1.000000000000000000, 0.000000000000000000, 0.000000000000000000 ) ) ;
#2886 = DIRECTION ( 'NONE',  ( -0.9965364611537873563, 0.08315696958815861628, -0.000000000000000000 ) ) ;
#2887 = CARTESIAN_POINT ( 'NONE',  ( 273.5814386646840148, -89.52420073614051432, 3.200000000000000178 ) ) ;
#2888 = VERTEX_POINT ( 'NONE', #816 ) ;
#2889 = CARTESIAN_POINT ( 'NONE',  ( 121.3658164029241533, -36.08262938659520103, 7.200000000000000178 ) ) ;
#2890 = AXIS2_PLACEMENT_3D ( 'NONE', #328, #1016, #1265 ) ;
#2891 = CIRCLE ( 'NONE', #2652, 1.499999999999987566 ) ;
#2892 = FACE_OUTER_BOUND ( 'NONE', #1210, .T. ) ;
#2893 = AXIS2_PLACEMENT_3D ( 'NONE', #891, #875, #1800 ) ;
#2894 = LINE ( 'NONE', #1982, #2626 ) ;
#2895 = AXIS2_PLACEMENT_3D ( 'NONE', #2723, #654, #1661 ) ;
#2896 = ORIENTED_EDGE ( 'NONE', *, *, #1935, .F. ) ;
#2897 = CARTESIAN_POINT ( 'NONE',  ( 280.2148177401918474, -91.74031134969573031, 3.200000000000000178 ) ) ;
#2898 = ORIENTED_EDGE ( 'NONE', *, *, #2223, .F. ) ;
#2899 = ORIENTED_EDGE ( 'NONE', *, *, #2288, .F. ) ;
#2900 = DIRECTION ( 'NONE',  ( -0.000000000000000000, 0.000000000000000000, 1.000000000000000000 ) ) ;
#2901 = AXIS2_PLACEMENT_3D ( 'NONE', #2048, #1574, #1593 ) ;
#2902 = DIRECTION ( 'NONE',  ( 0.000000000000000000, 0.000000000000000000, -1.000000000000000000 ) ) ;
#2903 = DIRECTION ( 'NONE',  ( 1.000000000000000000, 0.000000000000000000, 0.000000000000000000 ) ) ;
#2904 = AXIS2_PLACEMENT_3D ( 'NONE', #215, #2936, #910 ) ;
#2905 = ORIENTED_EDGE ( 'NONE', *, *, #991, .T. ) ;
#2906 = DIRECTION ( 'NONE',  ( 1.000000000000000000, 0.000000000000000000, 0.000000000000000000 ) ) ;
#2907 = CYLINDRICAL_SURFACE ( 'NONE', #2607, 1.500000000000001332 ) ;
#2908 = AXIS2_PLACEMENT_3D ( 'NONE', #1001, #1459, #2807 ) ;
#2909 = DIRECTION ( 'NONE',  ( -0.000000000000000000, -0.000000000000000000, -1.000000000000000000 ) ) ;
#2910 = ORIENTED_EDGE ( 'NONE', *, *, #1212, .T. ) ;
#2911 = CARTESIAN_POINT ( 'NONE',  ( 215.4616870757141953, -125.5110337271994609, 3.199999999999999734 ) ) ;
#2912 = ORIENTED_EDGE ( 'NONE', *, *, #2160, .F. ) ;
#2913 = VECTOR ( 'NONE', #2909, 1000.000000000000000 ) ;
#2914 = DIRECTION ( 'NONE',  ( 1.000000000000000000, 0.000000000000000000, 0.000000000000000000 ) ) ;
#2915 = CARTESIAN_POINT ( 'NONE',  ( 277.5814386974133754, 0.000000000000000000, 3.200000000000000178 ) ) ;
#2916 = DIRECTION ( 'NONE',  ( 0.000000000000000000, 0.000000000000000000, -1.000000000000000000 ) ) ;
#2917 = EDGE_LOOP ( 'NONE', ( #1508, #995, #474, #727 ) ) ;
#2918 = EDGE_CURVE ( 'NONE', #2135, #2537, #2190, .T. ) ;
#2919 = LINE ( 'NONE', #625, #533 ) ;
#2920 = VECTOR ( 'NONE', #516, 1000.000000000000000 ) ;
#2921 = EDGE_CURVE ( 'NONE', #1012, #1202, #2378, .T. ) ;
#2922 = PLANE ( 'NONE',  #1314 ) ;
#2923 = ORIENTED_EDGE ( 'NONE', *, *, #502, .T. ) ;
#2924 = CARTESIAN_POINT ( 'NONE',  ( 215.6534963390263613, -125.5122917884476124, 3.200000000000000178 ) ) ;
#2925 = ORIENTED_EDGE ( 'NONE', *, *, #618, .T. ) ;
#2926 = DIRECTION ( 'NONE',  ( -0.000000000000000000, -0.000000000000000000, 1.000000000000000000 ) ) ;
#2927 = DIRECTION ( 'NONE',  ( -1.000000000000000000, 0.000000000000000000, 0.000000000000000000 ) ) ;
#2928 = DIRECTION ( 'NONE',  ( -1.000000000000000000, 0.000000000000000000, 0.000000000000000000 ) ) ;
#2929 = ORIENTED_EDGE ( 'NONE', *, *, #2520, .F. ) ;
#2930 = DIRECTION ( 'NONE',  ( 0.000000000000000000, 0.000000000000000000, 1.000000000000000000 ) ) ;
#2931 = ORIENTED_EDGE ( 'NONE', *, *, #2962, .F. ) ;
#2932 = B_SPLINE_CURVE_WITH_KNOTS ( 'NONE', 3,
 ( #2270, #1324, #2717, #2254 ),
 .UNSPECIFIED., .F., .F.,
 ( 4, 4 ),
 ( 0.000000000000000000, 1.000000000000000000 ),
 .UNSPECIFIED. ) ;
#2933 = DIRECTION ( 'NONE',  ( -0.000000000000000000, -0.000000000000000000, -1.000000000000000000 ) ) ;
#2934 = DIRECTION ( 'NONE',  ( 1.000000000000000000, 0.000000000000000000, 0.000000000000000000 ) ) ;
#2935 = ORIENTED_EDGE ( 'NONE', *, *, #1777, .T. ) ;
#2936 = DIRECTION ( 'NONE',  ( 0.000000000000000000, 0.000000000000000000, -1.000000000000000000 ) ) ;
#2937 = VECTOR ( 'NONE', #1576, 1000.000000000000000 ) ;
#2938 = ORIENTED_EDGE ( 'NONE', *, *, #2064, .T. ) ;
#2939 = ADVANCED_FACE ( 'NONE', ( #1509 ), #78, .T. ) ;
#2940 = EDGE_CURVE ( 'NONE', #798, #1910, #1685, .T. ) ;
#2941 = VECTOR ( 'NONE', #28, 1000.000000000000000 ) ;
#2942 = DIRECTION ( 'NONE',  ( 0.02962875872704223354, 0.7067963414790291443, 0.7067963414790389143 ) ) ;
#2943 = CARTESIAN_POINT ( 'NONE',  ( 251.7482171383261687, -80.09101708635411399, -2.299999999999999378 ) ) ;
#2944 = CARTESIAN_POINT ( 'NONE',  ( 215.6497943401918462, -125.5135498496957638, -3.000000000000000000 ) ) ;
#2945 = DIRECTION ( 'NONE',  ( 0.3162277685630154322, 0.9486832972017880117, 0.000000000000000000 ) ) ;
#2946 = EDGE_CURVE ( 'NONE', #1933, #320, #530, .T. ) ;
#2947 = DIRECTION ( 'NONE',  ( -1.000000000000000000, 0.000000000000000000, 0.000000000000000000 ) ) ;
#2948 = AXIS2_PLACEMENT_3D ( 'NONE', #2497, #1775, #201 ) ;
#2949 = DIRECTION ( 'NONE',  ( 1.000000000000000000, 0.000000000000000000, 0.000000000000000000 ) ) ;
#2950 = ORIENTED_EDGE ( 'NONE', *, *, #1907, .F. ) ;
#2951 = ADVANCED_FACE ( 'NONE', ( #2257 ), #2967, .T. ) ;
#2952 = LINE ( 'NONE', #1964, #1462 ) ;
#2953 = EDGE_LOOP ( 'NONE', ( #1683, #1467 ) ) ;
#2954 = CARTESIAN_POINT ( 'NONE',  ( 255.5626038935361919, -118.3332827187243197, -3.000000000000000000 ) ) ;
#2955 = ORIENTED_EDGE ( 'NONE', *, *, #2699, .T. ) ;
#2956 = ORIENTED_EDGE ( 'NONE', *, *, #1113, .T. ) ;
#2957 = LINE ( 'NONE', #881, #1380 ) ;
#2958 = EDGE_CURVE ( 'NONE', #1868, #1526, #957, .T. ) ;
#2959 = VERTEX_POINT ( 'NONE', #2040 ) ;
#2960 = CYLINDRICAL_SURFACE ( 'NONE', #256, 7.000000006650269668 ) ;
#2961 = LINE ( 'NONE', #884, #1925 ) ;
#2962 = EDGE_CURVE ( 'NONE', #501, #1626, #1567, .T. ) ;
#2963 = EDGE_CURVE ( 'NONE', #2471, #2624, #240, .T. ) ;
#2964 = LINE ( 'NONE', #2490, #742 ) ;
#2965 = CARTESIAN_POINT ( 'NONE',  ( 215.6497943401918462, -125.5135498496957638, 3.200000000000000178 ) ) ;
#2966 = VERTEX_POINT ( 'NONE', #2273 ) ;
#2967 = PLANE ( 'NONE',  #1877 ) ;
#2968 = CARTESIAN_POINT ( 'NONE',  ( 273.5740346757665407, -42.61547416727292870, 0.000000000000000000 ) ) ;
#2969 = EDGE_LOOP ( 'NONE', ( #96, #466, #2865, #2219 ) ) ;
#2970 = CIRCLE ( 'NONE', #2821, 1.500000000000001332 ) ;
#2971 = LINE ( 'NONE', #668, #921 ) ;
#2972 = DIRECTION ( 'NONE',  ( 0.000000000000000000, -1.000000000000000000, -0.000000000000000000 ) ) ;
#2973 = EDGE_LOOP ( 'NONE', ( #2340, #1305, #2929, #1427 ) ) ;
#2974 = PLANE ( 'NONE',  #703 ) ;
#2975 = VECTOR ( 'NONE', #956, 1000.000000000000000 ) ;
#2976 = CARTESIAN_POINT ( 'NONE',  ( 270.5525399578889392, -120.7271444177832365, 4.159359701202597570 ) ) ;
#2977 = CARTESIAN_POINT ( 'NONE',  ( 0.000000000000000000, 0.000000000000000000, -2.299999999999999378 ) ) ;
#2978 = FACE_BOUND ( 'NONE', #2177, .T. ) ;
#2979 = CARTESIAN_POINT ( 'NONE',  ( 263.9117569401918786, -118.5135498496957638, 7.200000000000000178 ) ) ;
#2980 = ORIENTED_EDGE ( 'NONE', *, *, #2070, .F. ) ;
#2981 = EDGE_CURVE ( 'NONE', #1055, #2469, #134, .T. ) ;
#2982 = SHAPE_DEFINITION_REPRESENTATION ( #505, #2703 ) ;
#2983 = DIRECTION ( 'NONE',  ( -0.9486832972017880117, 0.3162277685630154322, 0.000000000000000000 ) ) ;
#2984 = EDGE_LOOP ( 'NONE', ( #2045, #1098 ) ) ;
#2985 = DIRECTION ( 'NONE',  ( 0.000000000000000000, 0.000000000000000000, -1.000000000000000000 ) ) ;
#2986 = EDGE_LOOP ( 'NONE', ( #2087, #1873, #113, #2377 ) ) ;
#2987 = CARTESIAN_POINT ( 'NONE',  ( 117.3911002794443448, -114.6918031433766458, 8.200000000000001066 ) ) ;
#2988 = VECTOR ( 'NONE', #1735, 1000.000000000000227 ) ;
#2989 = EDGE_LOOP ( 'NONE', ( #202, #989 ) ) ;
#2990 = DIRECTION ( 'NONE',  ( 0.000000000000000000, 0.000000000000000000, 1.000000000000000000 ) ) ;
#2991 = VECTOR ( 'NONE', #222, 1000.000000000000000 ) ;
#2992 = CARTESIAN_POINT ( 'NONE',  ( 270.5525399578889392, -120.7271444177832365, 7.200000000000000178 ) ) ;
#2993 = LINE ( 'NONE', #2109, #1534 ) ;
#2994 = AXIS2_PLACEMENT_3D ( 'NONE', #2602, #347, #534 ) ;
#2995 = AXIS2_PLACEMENT_3D ( 'NONE', #1981, #1067, #1299 ) ;
#2996 = PLANE ( 'NONE',  #2306 ) ;
#2997 = DIRECTION ( 'NONE',  ( -0.000000000000000000, -0.000000000000000000, -1.000000000000000000 ) ) ;
#2998 = VERTEX_POINT ( 'NONE', #1112 ) ;
ENDSEC;
END-ISO-10303-21;
